"행정구역별","산업별",2024.1/2,2024.1/2,2024.2/2,2024.2/2
"행정구역별","산업별",취업자 (천명),RSE,취업자 (천명),RSE
"서울 종로구","계",73,-,73,-
"서울 종로구","농업, 임업 및 어업 (A)",-,-,-,-
"서울 종로구","광·제조업(B,C)",6,-,6,-
"서울 종로구","건설업 (F) ",3,-,4,-
"서울 종로구","도소매·숙박음식업(G,I)",18,-,16,-
"서울 종로구","전기·운수·통신·금융(D,H,J,K)",12,-,12,-
"서울 종로구","사업·개인·공공서비스 및 기타(E,L~U)",34,-,35,-
"서울 중구","계",72,-,73,-
"서울 중구","농업, 임업 및 어업 (A)",-,-,-,-
"서울 중구","광·제조업(B,C)",8,-,7,-
"서울 중구","건설업 (F) ",4,-,4,-
"서울 중구","도소매·숙박음식업(G,I)",23,-,24,-
"서울 중구","전기·운수·통신·금융(D,H,J,K)",12,-,11,-
"서울 중구","사업·개인·공공서비스 및 기타(E,L~U)",25,-,27,-
"서울 용산구","계",116,-,113,-
"서울 용산구","농업, 임업 및 어업 (A)",-,-,-,-
"서울 용산구","광·제조업(B,C)",9,-,11,-
"서울 용산구","건설업 (F) ",5,-,4,-
"서울 용산구","도소매·숙박음식업(G,I)",27,-,27,-
"서울 용산구","전기·운수·통신·금융(D,H,J,K)",25,-,22,-
"서울 용산구","사업·개인·공공서비스 및 기타(E,L~U)",50,-,50,-
"서울 성동구","계",147,-,150,-
"서울 성동구","농업, 임업 및 어업 (A)",-,-,-,-
"서울 성동구","광·제조업(B,C)",14,-,16,-
"서울 성동구","건설업 (F) ",8,-,7,-
"서울 성동구","도소매·숙박음식업(G,I)",34,-,34,-
"서울 성동구","전기·운수·통신·금융(D,H,J,K)",27,-,27,-
"서울 성동구","사업·개인·공공서비스 및 기타(E,L~U)",64,-,67,-
"서울 광진구","계",194,-,191,-
"서울 광진구","농업, 임업 및 어업 (A)",0,*,0,*
"서울 광진구","광·제조업(B,C)",13,-,13,-
"서울 광진구","건설업 (F) ",12,-,10,-
"서울 광진구","도소매·숙박음식업(G,I)",56,-,53,-
"서울 광진구","전기·운수·통신·금융(D,H,J,K)",31,-,34,-
"서울 광진구","사업·개인·공공서비스 및 기타(E,L~U)",82,-,80,-
"서울 동대문구","계",176,-,177,-
"서울 동대문구","농업, 임업 및 어업 (A)",-,-,-,-
"서울 동대문구","광·제조업(B,C)",15,-,15,-
"서울 동대문구","건설업 (F) ",13,-,13,-
"서울 동대문구","도소매·숙박음식업(G,I)",49,-,48,-
"서울 동대문구","전기·운수·통신·금융(D,H,J,K)",26,-,28,-
"서울 동대문구","사업·개인·공공서비스 및 기타(E,L~U)",74,-,73,-
"서울 중랑구","계",210,-,205,-
"서울 중랑구","농업, 임업 및 어업 (A)",-,-,0,*
"서울 중랑구","광·제조업(B,C)",29,-,24,-
"서울 중랑구","건설업 (F) ",20,-,17,-
"서울 중랑구","도소매·숙박음식업(G,I)",45,-,45,-
"서울 중랑구","전기·운수·통신·금융(D,H,J,K)",37,-,37,-
"서울 중랑구","사업·개인·공공서비스 및 기타(E,L~U)",79,-,81,-
"서울 성북구","계",218,-,212,-
"서울 성북구","농업, 임업 및 어업 (A)",-,-,-,-
"서울 성북구","광·제조업(B,C)",21,-,15,-
"서울 성북구","건설업 (F) ",13,-,15,-
"서울 성북구","도소매·숙박음식업(G,I)",53,-,49,-
"서울 성북구","전기·운수·통신·금융(D,H,J,K)",33,-,30,-
"서울 성북구","사업·개인·공공서비스 및 기타(E,L~U)",98,-,104,-
"서울 강북구","계",141,-,141,-
"서울 강북구","농업, 임업 및 어업 (A)",-,-,-,-
"서울 강북구","광·제조업(B,C)",10,-,9,-
"서울 강북구","건설업 (F) ",9,-,9,-
"서울 강북구","도소매·숙박음식업(G,I)",37,-,37,-
"서울 강북구","전기·운수·통신·금융(D,H,J,K)",26,-,24,-
"서울 강북구","사업·개인·공공서비스 및 기타(E,L~U)",60,-,63,-
"서울 도봉구","계",156,-,155,-
"서울 도봉구","농업, 임업 및 어업 (A)",-,-,-,-
"서울 도봉구","광·제조업(B,C)",15,-,12,-
"서울 도봉구","건설업 (F) ",13,-,13,-
"서울 도봉구","도소매·숙박음식업(G,I)",39,-,36,-
"서울 도봉구","전기·운수·통신·금융(D,H,J,K)",25,-,26,-
"서울 도봉구","사업·개인·공공서비스 및 기타(E,L~U)",66,-,68,-
"서울 노원구","계",250,-,246,-
"서울 노원구","농업, 임업 및 어업 (A)",0,*,0,*
"서울 노원구","광·제조업(B,C)",16,-,13,-
"서울 노원구","건설업 (F) ",12,-,15,-
"서울 노원구","도소매·숙박음식업(G,I)",56,-,51,-
"서울 노원구","전기·운수·통신·금융(D,H,J,K)",36,-,38,-
"서울 노원구","사업·개인·공공서비스 및 기타(E,L~U)",130,-,128,-
"서울 은평구","계",243,-,242,-
"서울 은평구","농업, 임업 및 어업 (A)",0,*,0,*
"서울 은평구","광·제조업(B,C)",18,-,17,-
"서울 은평구","건설업 (F) ",19,-,19,-
"서울 은평구","도소매·숙박음식업(G,I)",54,-,50,-
"서울 은평구","전기·운수·통신·금융(D,H,J,K)",44,-,49,-
"서울 은평구","사업·개인·공공서비스 및 기타(E,L~U)",108,-,106,-
"서울 서대문구","계",169,-,168,-
"서울 서대문구","농업, 임업 및 어업 (A)",-,-,-,-
"서울 서대문구","광·제조업(B,C)",12,-,11,-
"서울 서대문구","건설업 (F) ",9,-,10,-
"서울 서대문구","도소매·숙박음식업(G,I)",38,-,36,-
"서울 서대문구","전기·운수·통신·금융(D,H,J,K)",31,-,32,-
"서울 서대문구","사업·개인·공공서비스 및 기타(E,L~U)",78,-,79,-
"서울 마포구","계",202,-,206,-
"서울 마포구","농업, 임업 및 어업 (A)",-,-,0,*
"서울 마포구","광·제조업(B,C)",12,-,11,-
"서울 마포구","건설업 (F) ",9,-,9,-
"서울 마포구","도소매·숙박음식업(G,I)",40,-,45,-
"서울 마포구","전기·운수·통신·금융(D,H,J,K)",49,-,53,-
"서울 마포구","사업·개인·공공서비스 및 기타(E,L~U)",92,-,88,-
"서울 양천구","계",219,-,217,-
"서울 양천구","농업, 임업 및 어업 (A)",-,-,-,-
"서울 양천구","광·제조업(B,C)",22,-,18,-
"서울 양천구","건설업 (F) ",16,-,15,-
"서울 양천구","도소매·숙박음식업(G,I)",44,-,44,-
"서울 양천구","전기·운수·통신·금융(D,H,J,K)",48,-,44,-
"서울 양천구","사업·개인·공공서비스 및 기타(E,L~U)",90,-,97,-
"서울 강서구","계",314,-,307,-
"서울 강서구","농업, 임업 및 어업 (A)",-,-,-,-
"서울 강서구","광·제조업(B,C)",24,-,21,-
"서울 강서구","건설업 (F) ",18,-,15,-
"서울 강서구","도소매·숙박음식업(G,I)",67,-,67,-
"서울 강서구","전기·운수·통신·금융(D,H,J,K)",73,-,73,-
"서울 강서구","사업·개인·공공서비스 및 기타(E,L~U)",132,-,132,-
"서울 구로구","계",227,-,228,-
"서울 구로구","농업, 임업 및 어업 (A)",-,-,-,-
"서울 구로구","광·제조업(B,C)",25,-,26,-
"서울 구로구","건설업 (F) ",20,-,17,-
"서울 구로구","도소매·숙박음식업(G,I)",57,-,55,-
"서울 구로구","전기·운수·통신·금융(D,H,J,K)",41,-,40,-
"서울 구로구","사업·개인·공공서비스 및 기타(E,L~U)",84,-,91,-
"서울 금천구","계",139,-,141,-
"서울 금천구","농업, 임업 및 어업 (A)",0,*,0,*
"서울 금천구","광·제조업(B,C)",19,-,17,-
"서울 금천구","건설업 (F) ",12,-,15,-
"서울 금천구","도소매·숙박음식업(G,I)",30,-,31,-
"서울 금천구","전기·운수·통신·금융(D,H,J,K)",25,-,28,-
"서울 금천구","사업·개인·공공서비스 및 기타(E,L~U)",53,-,49,-
"서울 영등포구","계",239,-,237,-
"서울 영등포구","농업, 임업 및 어업 (A)",-,-,-,-
"서울 영등포구","광·제조업(B,C)",18,-,19,-
"서울 영등포구","건설업 (F) ",15,-,15,-
"서울 영등포구","도소매·숙박음식업(G,I)",53,-,53,-
"서울 영등포구","전기·운수·통신·금융(D,H,J,K)",53,-,52,-
"서울 영등포구","사업·개인·공공서비스 및 기타(E,L~U)",102,-,99,-
"서울 동작구","계",212,-,213,-
"서울 동작구","농업, 임업 및 어업 (A)",0,*,-,-
"서울 동작구","광·제조업(B,C)",17,-,13,-
"서울 동작구","건설업 (F) ",12,-,13,-
"서울 동작구","도소매·숙박음식업(G,I)",47,-,48,-
"서울 동작구","전기·운수·통신·금융(D,H,J,K)",35,-,36,-
"서울 동작구","사업·개인·공공서비스 및 기타(E,L~U)",101,-,102,-
"서울 관악구","계",279,-,280,-
"서울 관악구","농업, 임업 및 어업 (A)",0,*,0,*
"서울 관악구","광·제조업(B,C)",20,-,20,-
"서울 관악구","건설업 (F) ",18,-,16,-
"서울 관악구","도소매·숙박음식업(G,I)",53,-,58,-
"서울 관악구","전기·운수·통신·금융(D,H,J,K)",60,-,60,-
"서울 관악구","사업·개인·공공서비스 및 기타(E,L~U)",129,-,125,-
"서울 서초구","계",201,-,199,-
"서울 서초구","농업, 임업 및 어업 (A)",-,-,0,*
"서울 서초구","광·제조업(B,C)",17,-,17,-
"서울 서초구","건설업 (F) ",9,-,8,-
"서울 서초구","도소매·숙박음식업(G,I)",42,-,40,-
"서울 서초구","전기·운수·통신·금융(D,H,J,K)",38,-,37,-
"서울 서초구","사업·개인·공공서비스 및 기타(E,L~U)",96,-,97,-
"서울 강남구","계",270,-,271,-
"서울 강남구","농업, 임업 및 어업 (A)",1,*,1,*
"서울 강남구","광·제조업(B,C)",19,-,20,-
"서울 강남구","건설업 (F) ",9,-,9,-
"서울 강남구","도소매·숙박음식업(G,I)",54,-,52,-
"서울 강남구","전기·운수·통신·금융(D,H,J,K)",52,-,49,-
"서울 강남구","사업·개인·공공서비스 및 기타(E,L~U)",135,-,140,-
"서울 송파구","계",345,-,338,-
"서울 송파구","농업, 임업 및 어업 (A)",-,-,-,-
"서울 송파구","광·제조업(B,C)",27,-,28,-
"서울 송파구","건설업 (F) ",15,-,15,-
"서울 송파구","도소매·숙박음식업(G,I)",78,-,77,-
"서울 송파구","전기·운수·통신·금융(D,H,J,K)",62,-,64,-
"서울 송파구","사업·개인·공공서비스 및 기타(E,L~U)",162,-,155,-
"서울 강동구","계",239,-,234,-
"서울 강동구","농업, 임업 및 어업 (A)",1,*,0,*
"서울 강동구","광·제조업(B,C)",22,-,24,-
"서울 강동구","건설업 (F) ",20,-,21,-
"서울 강동구","도소매·숙박음식업(G,I)",52,-,50,-
"서울 강동구","전기·운수·통신·금융(D,H,J,K)",42,-,40,-
"서울 강동구","사업·개인·공공서비스 및 기타(E,L~U)",103,-,99,-
"부산 중구","계",22,-,23,-
"부산 중구","농업, 임업 및 어업 (A)",0,*,0,*
"부산 중구","광·제조업(B,C)",2,-,2,-
"부산 중구","건설업 (F) ",1,-,1,-
"부산 중구","도소매·숙박음식업(G,I)",7,-,7,-
"부산 중구","전기·운수·통신·금융(D,H,J,K)",3,-,3,-
"부산 중구","사업·개인·공공서비스 및 기타(E,L~U)",9,-,9,-
"부산 서구","계",52,-,51,-
"부산 서구","농업, 임업 및 어업 (A)",0,*,0,*
"부산 서구","광·제조업(B,C)",7,-,6,-
"부산 서구","건설업 (F) ",3,-,2,-
"부산 서구","도소매·숙박음식업(G,I)",13,-,12,-
"부산 서구","전기·운수·통신·금융(D,H,J,K)",5,-,6,-
"부산 서구","사업·개인·공공서비스 및 기타(E,L~U)",24,-,24,-
"부산 동구","계",47,-,46,-
"부산 동구","농업, 임업 및 어업 (A)",0,*,0,*
"부산 동구","광·제조업(B,C)",4,-,4,-
"부산 동구","건설업 (F) ",3,-,3,-
"부산 동구","도소매·숙박음식업(G,I)",11,-,10,-
"부산 동구","전기·운수·통신·금융(D,H,J,K)",7,-,6,-
"부산 동구","사업·개인·공공서비스 및 기타(E,L~U)",22,-,22,-
"부산 영도구","계",47,-,48,-
"부산 영도구","농업, 임업 및 어업 (A)",1,*,1,*
"부산 영도구","광·제조업(B,C)",8,-,8,-
"부산 영도구","건설업 (F) ",3,-,3,-
"부산 영도구","도소매·숙박음식업(G,I)",10,-,10,-
"부산 영도구","전기·운수·통신·금융(D,H,J,K)",7,-,6,-
"부산 영도구","사업·개인·공공서비스 및 기타(E,L~U)",19,-,19,-
"부산 부산진구","계",194,-,194,-
"부산 부산진구","농업, 임업 및 어업 (A)",0,*,0,*
"부산 부산진구","광·제조업(B,C)",23,-,23,-
"부산 부산진구","건설업 (F) ",15,-,17,-
"부산 부산진구","도소매·숙박음식업(G,I)",45,-,44,-
"부산 부산진구","전기·운수·통신·금융(D,H,J,K)",26,-,26,-
"부산 부산진구","사업·개인·공공서비스 및 기타(E,L~U)",85,-,84,-
"부산 동래구","계",130,-,130,-
"부산 동래구","농업, 임업 및 어업 (A)",0,*,0,*
"부산 동래구","광·제조업(B,C)",16,-,16,-
"부산 동래구","건설업 (F) ",11,-,12,-
"부산 동래구","도소매·숙박음식업(G,I)",29,-,23,-
"부산 동래구","전기·운수·통신·금융(D,H,J,K)",16,-,19,-
"부산 동래구","사업·개인·공공서비스 및 기타(E,L~U)",58,-,59,-
"부산 남구","계",122,-,128,-
"부산 남구","농업, 임업 및 어업 (A)",0,*,0,*
"부산 남구","광·제조업(B,C)",13,-,14,-
"부산 남구","건설업 (F) ",9,-,10,-
"부산 남구","도소매·숙박음식업(G,I)",27,-,28,-
"부산 남구","전기·운수·통신·금융(D,H,J,K)",19,-,17,-
"부산 남구","사업·개인·공공서비스 및 기타(E,L~U)",55,-,59,-
"부산 북구","계",136,-,138,-
"부산 북구","농업, 임업 및 어업 (A)",1,*,1,*
"부산 북구","광·제조업(B,C)",24,-,28,-
"부산 북구","건설업 (F) ",12,-,11,-
"부산 북구","도소매·숙박음식업(G,I)",25,-,25,-
"부산 북구","전기·운수·통신·금융(D,H,J,K)",18,-,17,-
"부산 북구","사업·개인·공공서비스 및 기타(E,L~U)",56,-,56,-
"부산 해운대구","계",172,-,175,-
"부산 해운대구","농업, 임업 및 어업 (A)",0,*,0,*
"부산 해운대구","광·제조업(B,C)",17,-,18,-
"부산 해운대구","건설업 (F) ",10,-,10,-
"부산 해운대구","도소매·숙박음식업(G,I)",45,-,47,-
"부산 해운대구","전기·운수·통신·금융(D,H,J,K)",21,-,21,-
"부산 해운대구","사업·개인·공공서비스 및 기타(E,L~U)",79,-,79,-
"부산 사하구","계",152,-,150,-
"부산 사하구","농업, 임업 및 어업 (A)",0,*,0,*
"부산 사하구","광·제조업(B,C)",35,-,35,-
"부산 사하구","건설업 (F) ",11,-,9,-
"부산 사하구","도소매·숙박음식업(G,I)",31,-,27,-
"부산 사하구","전기·운수·통신·금융(D,H,J,K)",20,-,19,-
"부산 사하구","사업·개인·공공서비스 및 기타(E,L~U)",55,-,59,-
"부산 금정구","계",104,-,103,-
"부산 금정구","농업, 임업 및 어업 (A)",0,*,-,-
"부산 금정구","광·제조업(B,C)",13,-,13,-
"부산 금정구","건설업 (F) ",8,-,7,-
"부산 금정구","도소매·숙박음식업(G,I)",24,-,23,-
"부산 금정구","전기·운수·통신·금융(D,H,J,K)",12,-,12,-
"부산 금정구","사업·개인·공공서비스 및 기타(E,L~U)",48,-,49,-
"부산 강서구","계",80,-,83,-
"부산 강서구","농업, 임업 및 어업 (A)",5,*,5,*
"부산 강서구","광·제조업(B,C)",22,-,23,-
"부산 강서구","건설업 (F) ",3,-,3,-
"부산 강서구","도소매·숙박음식업(G,I)",15,-,15,-
"부산 강서구","전기·운수·통신·금융(D,H,J,K)",9,-,10,-
"부산 강서구","사업·개인·공공서비스 및 기타(E,L~U)",26,-,27,-
"부산 연제구","계",104,-,107,-
"부산 연제구","농업, 임업 및 어업 (A)",0,*,0,*
"부산 연제구","광·제조업(B,C)",11,-,10,-
"부산 연제구","건설업 (F) ",8,-,7,-
"부산 연제구","도소매·숙박음식업(G,I)",22,-,23,-
"부산 연제구","전기·운수·통신·금융(D,H,J,K)",16,-,16,-
"부산 연제구","사업·개인·공공서비스 및 기타(E,L~U)",47,-,50,-
"부산 수영구","계",86,-,83,-
"부산 수영구","농업, 임업 및 어업 (A)",0,*,0,*
"부산 수영구","광·제조업(B,C)",6,-,6,-
"부산 수영구","건설업 (F) ",5,-,4,-
"부산 수영구","도소매·숙박음식업(G,I)",23,-,20,-
"부산 수영구","전기·운수·통신·금융(D,H,J,K)",11,-,12,-
"부산 수영구","사업·개인·공공서비스 및 기타(E,L~U)",40,-,40,-
"부산 사상구","계",107,-,105,-
"부산 사상구","농업, 임업 및 어업 (A)",1,*,0,*
"부산 사상구","광·제조업(B,C)",27,-,27,-
"부산 사상구","건설업 (F) ",8,-,8,-
"부산 사상구","도소매·숙박음식업(G,I)",22,-,21,-
"부산 사상구","전기·운수·통신·금융(D,H,J,K)",11,-,11,-
"부산 사상구","사업·개인·공공서비스 및 기타(E,L~U)",38,-,38,-
"부산 기장군","계",89,-,86,-
"부산 기장군","농업, 임업 및 어업 (A)",5,*,4,*
"부산 기장군","광·제조업(B,C)",14,-,14,-
"부산 기장군","건설업 (F) ",8,-,7,-
"부산 기장군","도소매·숙박음식업(G,I)",15,-,14,-
"부산 기장군","전기·운수·통신·금융(D,H,J,K)",12,-,12,-
"부산 기장군","사업·개인·공공서비스 및 기타(E,L~U)",35,-,35,-
"대구 중구","계",46,-,48,-
"대구 중구","농업, 임업 및 어업 (A)",0,*,0,*
"대구 중구","광·제조업(B,C)",5,-,5,-
"대구 중구","건설업 (F) ",3,-,3,-
"대구 중구","도소매·숙박음식업(G,I)",12,-,12,-
"대구 중구","전기·운수·통신·금융(D,H,J,K)",5,-,5,-
"대구 중구","사업·개인·공공서비스 및 기타(E,L~U)",21,-,22,-
"대구 동구","계",162,-,163,-
"대구 동구","농업, 임업 및 어업 (A)",5,*,5,*
"대구 동구","광·제조업(B,C)",21,-,20,-
"대구 동구","건설업 (F) ",14,-,15,-
"대구 동구","도소매·숙박음식업(G,I)",32,-,31,-
"대구 동구","전기·운수·통신·금융(D,H,J,K)",18,-,20,-
"대구 동구","사업·개인·공공서비스 및 기타(E,L~U)",73,-,74,-
"대구 서구","계",79,-,79,-
"대구 서구","농업, 임업 및 어업 (A)",1,*,0,*
"대구 서구","광·제조업(B,C)",17,-,17,-
"대구 서구","건설업 (F) ",8,-,8,-
"대구 서구","도소매·숙박음식업(G,I)",19,-,19,-
"대구 서구","전기·운수·통신·금융(D,H,J,K)",7,-,7,-
"대구 서구","사업·개인·공공서비스 및 기타(E,L~U)",27,-,28,-
"대구 남구","계",68,-,68,-
"대구 남구","농업, 임업 및 어업 (A)",0,*,0,*
"대구 남구","광·제조업(B,C)",8,-,8,-
"대구 남구","건설업 (F) ",6,-,6,-
"대구 남구","도소매·숙박음식업(G,I)",15,-,14,-
"대구 남구","전기·운수·통신·금융(D,H,J,K)",6,-,6,-
"대구 남구","사업·개인·공공서비스 및 기타(E,L~U)",33,-,33,-
"대구 북구","계",215,-,214,-
"대구 북구","농업, 임업 및 어업 (A)",2,*,2,*
"대구 북구","광·제조업(B,C)",40,-,36,-
"대구 북구","건설업 (F) ",17,-,18,-
"대구 북구","도소매·숙박음식업(G,I)",49,-,48,-
"대구 북구","전기·운수·통신·금융(D,H,J,K)",23,-,24,-
"대구 북구","사업·개인·공공서비스 및 기타(E,L~U)",83,-,85,-
"대구 수성구","계",181,-,183,-
"대구 수성구","농업, 임업 및 어업 (A)",2,*,2,*
"대구 수성구","광·제조업(B,C)",18,-,17,-
"대구 수성구","건설업 (F) ",12,-,13,-
"대구 수성구","도소매·숙박음식업(G,I)",34,-,33,-
"대구 수성구","전기·운수·통신·금융(D,H,J,K)",20,-,21,-
"대구 수성구","사업·개인·공공서비스 및 기타(E,L~U)",96,-,98,-
"대구 달서구","계",268,-,271,-
"대구 달서구","농업, 임업 및 어업 (A)",0,*,1,*
"대구 달서구","광·제조업(B,C)",63,-,64,-
"대구 달서구","건설업 (F) ",21,-,19,-
"대구 달서구","도소매·숙박음식업(G,I)",51,-,50,-
"대구 달서구","전기·운수·통신·금융(D,H,J,K)",30,-,30,-
"대구 달서구","사업·개인·공공서비스 및 기타(E,L~U)",103,-,107,-
"대구 달성군","계",137,-,138,-
"대구 달성군","농업, 임업 및 어업 (A)",7,*,6,*
"대구 달성군","광·제조업(B,C)",42,-,42,-
"대구 달성군","건설업 (F) ",9,-,8,-
"대구 달성군","도소매·숙박음식업(G,I)",21,-,22,-
"대구 달성군","전기·운수·통신·금융(D,H,J,K)",13,-,13,-
"대구 달성군","사업·개인·공공서비스 및 기타(E,L~U)",45,-,47,-
"대구 군위군","계",15,-,15,-
"대구 군위군","농업, 임업 및 어업 (A)",7,-,8,-
"대구 군위군","광·제조업(B,C)",1,-,1,-
"대구 군위군","건설업 (F) ",0,-,0,*
"대구 군위군","도소매·숙박음식업(G,I)",1,-,2,-
"대구 군위군","전기·운수·통신·금융(D,H,J,K)",1,*,1,*
"대구 군위군","사업·개인·공공서비스 및 기타(E,L~U)",4,-,4,-
"인천 중구","계",90,-,92,-
"인천 중구","농업, 임업 및 어업 (A)",2,*,2,*
"인천 중구","광·제조업(B,C)",9,-,9,-
"인천 중구","건설업 (F) ",5,-,5,-
"인천 중구","도소매·숙박음식업(G,I)",17,-,17,-
"인천 중구","전기·운수·통신·금융(D,H,J,K)",21,-,21,-
"인천 중구","사업·개인·공공서비스 및 기타(E,L~U)",38,-,39,-
"인천 동구","계",32,-,32,-
"인천 동구","농업, 임업 및 어업 (A)",0,*,0,*
"인천 동구","광·제조업(B,C)",6,-,6,-
"인천 동구","건설업 (F) ",2,-,2,-
"인천 동구","도소매·숙박음식업(G,I)",7,-,6,-
"인천 동구","전기·운수·통신·금융(D,H,J,K)",4,-,5,-
"인천 동구","사업·개인·공공서비스 및 기타(E,L~U)",13,-,13,-
"인천 연수구","계",207,-,217,-
"인천 연수구","농업, 임업 및 어업 (A)",0,*,0,*
"인천 연수구","광·제조업(B,C)",45,-,48,-
"인천 연수구","건설업 (F) ",15,-,16,-
"인천 연수구","도소매·숙박음식업(G,I)",36,-,38,-
"인천 연수구","전기·운수·통신·금융(D,H,J,K)",24,-,24,-
"인천 연수구","사업·개인·공공서비스 및 기타(E,L~U)",87,-,91,-
"인천 남동구","계",261,-,263,-
"인천 남동구","농업, 임업 및 어업 (A)",-,-,-,-
"인천 남동구","광·제조업(B,C)",58,-,58,-
"인천 남동구","건설업 (F) ",23,-,21,-
"인천 남동구","도소매·숙박음식업(G,I)",49,-,48,-
"인천 남동구","전기·운수·통신·금융(D,H,J,K)",33,-,35,-
"인천 남동구","사업·개인·공공서비스 및 기타(E,L~U)",99,-,101,-
"인천 부평구","계",270,-,275,-
"인천 부평구","농업, 임업 및 어업 (A)",1,*,1,*
"인천 부평구","광·제조업(B,C)",51,-,51,-
"인천 부평구","건설업 (F) ",23,-,24,-
"인천 부평구","도소매·숙박음식업(G,I)",52,-,51,-
"인천 부평구","전기·운수·통신·금융(D,H,J,K)",34,-,36,-
"인천 부평구","사업·개인·공공서비스 및 기타(E,L~U)",108,-,113,-
"인천 계양구","계",155,-,156,-
"인천 계양구","농업, 임업 및 어업 (A)",0,*,0,*
"인천 계양구","광·제조업(B,C)",29,-,31,-
"인천 계양구","건설업 (F) ",15,-,14,-
"인천 계양구","도소매·숙박음식업(G,I)",32,-,29,-
"인천 계양구","전기·운수·통신·금융(D,H,J,K)",23,-,25,-
"인천 계양구","사업·개인·공공서비스 및 기타(E,L~U)",55,-,56,-
"인천 서구","계",346,-,353,-
"인천 서구","농업, 임업 및 어업 (A)",0,*,1,*
"인천 서구","광·제조업(B,C)",65,-,63,-
"인천 서구","건설업 (F) ",25,-,27,-
"인천 서구","도소매·숙박음식업(G,I)",62,-,66,-
"인천 서구","전기·운수·통신·금융(D,H,J,K)",59,-,57,-
"인천 서구","사업·개인·공공서비스 및 기타(E,L~U)",137,-,139,-
"인천 미추홀구","계",219,-,229,-
"인천 미추홀구","농업, 임업 및 어업 (A)",1,*,0,*
"인천 미추홀구","광·제조업(B,C)",35,-,36,-
"인천 미추홀구","건설업 (F) ",21,-,20,-
"인천 미추홀구","도소매·숙박음식업(G,I)",46,-,45,-
"인천 미추홀구","전기·운수·통신·금융(D,H,J,K)",30,-,35,-
"인천 미추홀구","사업·개인·공공서비스 및 기타(E,L~U)",88,-,93,-
"인천 강화군","계",40,-,40,-
"인천 강화군","농업, 임업 및 어업 (A)",12,-,12,-
"인천 강화군","광·제조업(B,C)",4,-,4,-
"인천 강화군","건설업 (F) ",2,-,2,-
"인천 강화군","도소매·숙박음식업(G,I)",8,-,9,-
"인천 강화군","전기·운수·통신·금융(D,H,J,K)",2,-,2,-
"인천 강화군","사업·개인·공공서비스 및 기타(E,L~U)",12,-,12,-
"인천 옹진군","계",12,-,11,-
"인천 옹진군","농업, 임업 및 어업 (A)",1,-,1,-
"인천 옹진군","광·제조업(B,C)",0,*,0,*
"인천 옹진군","건설업 (F) ",1,-,1,*
"인천 옹진군","도소매·숙박음식업(G,I)",2,-,3,-
"인천 옹진군","전기·운수·통신·금융(D,H,J,K)",1,-,1,-
"인천 옹진군","사업·개인·공공서비스 및 기타(E,L~U)",6,-,6,-
"광주 동구","계",58,-,59,-
"광주 동구","농업, 임업 및 어업 (A)",1,*,1,*
"광주 동구","광·제조업(B,C)",3,-,3,-
"광주 동구","건설업 (F) ",6,-,6,-
"광주 동구","도소매·숙박음식업(G,I)",12,-,13,-
"광주 동구","전기·운수·통신·금융(D,H,J,K)",6,-,5,-
"광주 동구","사업·개인·공공서비스 및 기타(E,L~U)",30,-,31,-
"광주 서구","계",150,-,150,-
"광주 서구","농업, 임업 및 어업 (A)",3,-,3,-
"광주 서구","광·제조업(B,C)",16,-,17,-
"광주 서구","건설업 (F) ",15,-,15,-
"광주 서구","도소매·숙박음식업(G,I)",30,-,28,-
"광주 서구","전기·운수·통신·금융(D,H,J,K)",16,-,16,-
"광주 서구","사업·개인·공공서비스 및 기타(E,L~U)",70,-,71,-
"광주 남구","계",110,-,110,-
"광주 남구","농업, 임업 및 어업 (A)",4,*,4,*
"광주 남구","광·제조업(B,C)",8,-,8,-
"광주 남구","건설업 (F) ",9,-,8,-
"광주 남구","도소매·숙박음식업(G,I)",21,-,19,-
"광주 남구","전기·운수·통신·금융(D,H,J,K)",11,-,10,-
"광주 남구","사업·개인·공공서비스 및 기타(E,L~U)",58,-,61,-
"광주 북구","계",228,-,229,-
"광주 북구","농업, 임업 및 어업 (A)",4,-,4,*
"광주 북구","광·제조업(B,C)",25,-,25,-
"광주 북구","건설업 (F) ",22,-,23,-
"광주 북구","도소매·숙박음식업(G,I)",47,-,47,-
"광주 북구","전기·운수·통신·금융(D,H,J,K)",24,-,23,-
"광주 북구","사업·개인·공공서비스 및 기타(E,L~U)",106,-,107,-
"광주 광산구","계",226,-,222,-
"광주 광산구","농업, 임업 및 어업 (A)",7,*,5,*
"광주 광산구","광·제조업(B,C)",51,-,52,-
"광주 광산구","건설업 (F) ",22,-,20,-
"광주 광산구","도소매·숙박음식업(G,I)",37,-,38,-
"광주 광산구","전기·운수·통신·금융(D,H,J,K)",26,-,26,-
"광주 광산구","사업·개인·공공서비스 및 기타(E,L~U)",83,-,82,-
"대전 동구","계",115,-,112,-
"대전 동구","농업, 임업 및 어업 (A)",2,*,2,*
"대전 동구","광·제조업(B,C)",15,-,14,-
"대전 동구","건설업 (F) ",14,-,13,-
"대전 동구","도소매·숙박음식업(G,I)",28,-,28,-
"대전 동구","전기·운수·통신·금융(D,H,J,K)",13,-,12,-
"대전 동구","사업·개인·공공서비스 및 기타(E,L~U)",43,-,43,-
"대전 중구","계",115,-,115,-
"대전 중구","농업, 임업 및 어업 (A)",1,*,1,*
"대전 중구","광·제조업(B,C)",8,-,9,-
"대전 중구","건설업 (F) ",10,-,10,-
"대전 중구","도소매·숙박음식업(G,I)",24,-,25,-
"대전 중구","전기·운수·통신·금융(D,H,J,K)",15,-,15,-
"대전 중구","사업·개인·공공서비스 및 기타(E,L~U)",58,-,56,-
"대전 서구","계",255,-,249,-
"대전 서구","농업, 임업 및 어업 (A)",2,*,2,*
"대전 서구","광·제조업(B,C)",19,-,20,-
"대전 서구","건설업 (F) ",25,-,23,-
"대전 서구","도소매·숙박음식업(G,I)",55,-,52,-
"대전 서구","전기·운수·통신·금융(D,H,J,K)",27,-,28,-
"대전 서구","사업·개인·공공서비스 및 기타(E,L~U)",127,-,125,-
"대전 유성구","계",211,-,213,-
"대전 유성구","농업, 임업 및 어업 (A)",3,*,3,*
"대전 유성구","광·제조업(B,C)",24,-,28,-
"대전 유성구","건설업 (F) ",13,-,11,-
"대전 유성구","도소매·숙박음식업(G,I)",37,-,38,-
"대전 유성구","전기·운수·통신·금융(D,H,J,K)",19,-,18,-
"대전 유성구","사업·개인·공공서비스 및 기타(E,L~U)",115,-,116,-
"대전 대덕구","계",96,-,96,-
"대전 대덕구","농업, 임업 및 어업 (A)",1,*,1,*
"대전 대덕구","광·제조업(B,C)",17,-,17,-
"대전 대덕구","건설업 (F) ",9,-,8,-
"대전 대덕구","도소매·숙박음식업(G,I)",22,-,21,-
"대전 대덕구","전기·운수·통신·금융(D,H,J,K)",11,-,11,-
"대전 대덕구","사업·개인·공공서비스 및 기타(E,L~U)",36,-,38,-
"울산 중구","계",98,-,100,-
"울산 중구","농업, 임업 및 어업 (A)",1,*,1,*
"울산 중구","광·제조업(B,C)",28,-,29,-
"울산 중구","건설업 (F) ",7,-,8,-
"울산 중구","도소매·숙박음식업(G,I)",17,-,18,-
"울산 중구","전기·운수·통신·금융(D,H,J,K)",9,-,8,-
"울산 중구","사업·개인·공공서비스 및 기타(E,L~U)",38,-,37,-
"울산 남구","계",156,-,161,-
"울산 남구","농업, 임업 및 어업 (A)",-,-,0,*
"울산 남구","광·제조업(B,C)",40,-,43,-
"울산 남구","건설업 (F) ",14,-,16,-
"울산 남구","도소매·숙박음식업(G,I)",27,-,26,-
"울산 남구","전기·운수·통신·금융(D,H,J,K)",16,-,16,-
"울산 남구","사업·개인·공공서비스 및 기타(E,L~U)",59,-,61,-
"울산 동구","계",76,-,80,-
"울산 동구","농업, 임업 및 어업 (A)",0,*,0,*
"울산 동구","광·제조업(B,C)",32,-,33,-
"울산 동구","건설업 (F) ",7,-,6,-
"울산 동구","도소매·숙박음식업(G,I)",10,-,11,-
"울산 동구","전기·운수·통신·금융(D,H,J,K)",6,-,7,-
"울산 동구","사업·개인·공공서비스 및 기타(E,L~U)",21,-,23,-
"울산 북구","계",107,-,108,-
"울산 북구","농업, 임업 및 어업 (A)",0,*,0,*
"울산 북구","광·제조업(B,C)",46,-,46,-
"울산 북구","건설업 (F) ",5,-,5,-
"울산 북구","도소매·숙박음식업(G,I)",14,-,16,-
"울산 북구","전기·운수·통신·금융(D,H,J,K)",8,-,8,-
"울산 북구","사업·개인·공공서비스 및 기타(E,L~U)",34,-,32,-
"울산 울주군","계",117,-,118,-
"울산 울주군","농업, 임업 및 어업 (A)",6,*,6,*
"울산 울주군","광·제조업(B,C)",31,-,32,-
"울산 울주군","건설업 (F) ",13,-,13,-
"울산 울주군","도소매·숙박음식업(G,I)",17,-,17,-
"울산 울주군","전기·운수·통신·금융(D,H,J,K)",9,-,10,-
"울산 울주군","사업·개인·공공서비스 및 기타(E,L~U)",41,-,41,-
"수원시","계",660,-,674,-
"수원시","농업, 임업 및 어업 (A)",3,*,3,*
"수원시","광·제조업(B,C)",116,-,104,-
"수원시","건설업 (F) ",49,-,52,-
"수원시","도소매·숙박음식업(G,I)",114,-,115,-
"수원시","전기·운수·통신·금융(D,H,J,K)",83,-,76,-
"수원시","사업·개인·공공서비스 및 기타(E,L~U)",295,-,324,-
"성남시","계",480,-,475,-
"성남시","농업, 임업 및 어업 (A)",-,-,-,-
"성남시","광·제조업(B,C)",62,-,61,-
"성남시","건설업 (F) ",31,-,28,-
"성남시","도소매·숙박음식업(G,I)",90,-,92,-
"성남시","전기·운수·통신·금융(D,H,J,K)",87,-,91,-
"성남시","사업·개인·공공서비스 및 기타(E,L~U)",210,-,203,-
"의정부시","계",242,-,244,-
"의정부시","농업, 임업 및 어업 (A)",0,*,0,*
"의정부시","광·제조업(B,C)",23,-,22,-
"의정부시","건설업 (F) ",21,-,21,-
"의정부시","도소매·숙박음식업(G,I)",59,-,57,-
"의정부시","전기·운수·통신·금융(D,H,J,K)",35,-,34,-
"의정부시","사업·개인·공공서비스 및 기타(E,L~U)",105,-,109,-
"안양시","계",296,-,296,-
"안양시","농업, 임업 및 어업 (A)",0,*,0,*
"안양시","광·제조업(B,C)",37,-,37,-
"안양시","건설업 (F) ",20,-,19,-
"안양시","도소매·숙박음식업(G,I)",60,-,55,-
"안양시","전기·운수·통신·금융(D,H,J,K)",50,-,50,-
"안양시","사업·개인·공공서비스 및 기타(E,L~U)",128,-,135,-
"부천시","계",421,-,407,-
"부천시","농업, 임업 및 어업 (A)",1,*,0,*
"부천시","광·제조업(B,C)",74,-,68,-
"부천시","건설업 (F) ",39,-,37,-
"부천시","도소매·숙박음식업(G,I)",91,-,92,-
"부천시","전기·운수·통신·금융(D,H,J,K)",64,-,65,-
"부천시","사업·개인·공공서비스 및 기타(E,L~U)",152,-,144,-
"광명시","계",144,-,148,-
"광명시","농업, 임업 및 어업 (A)",0,*,0,*
"광명시","광·제조업(B,C)",20,-,20,-
"광명시","건설업 (F) ",12,-,11,-
"광명시","도소매·숙박음식업(G,I)",30,-,31,-
"광명시","전기·운수·통신·금융(D,H,J,K)",24,-,24,-
"광명시","사업·개인·공공서비스 및 기타(E,L~U)",59,-,61,-
"평택시","계",337,-,341,-
"평택시","농업, 임업 및 어업 (A)",10,*,11,*
"평택시","광·제조업(B,C)",96,-,96,-
"평택시","건설업 (F) ",47,-,42,-
"평택시","도소매·숙박음식업(G,I)",44,-,43,-
"평택시","전기·운수·통신·금융(D,H,J,K)",28,-,33,-
"평택시","사업·개인·공공서비스 및 기타(E,L~U)",112,-,116,-
"동두천시","계",47,-,46,-
"동두천시","농업, 임업 및 어업 (A)",0,*,0,*
"동두천시","광·제조업(B,C)",7,-,6,-
"동두천시","건설업 (F) ",4,-,4,-
"동두천시","도소매·숙박음식업(G,I)",10,-,9,-
"동두천시","전기·운수·통신·금융(D,H,J,K)",6,-,6,-
"동두천시","사업·개인·공공서비스 및 기타(E,L~U)",19,-,21,-
"안산시","계",371,-,373,-
"안산시","농업, 임업 및 어업 (A)",1,*,1,*
"안산시","광·제조업(B,C)",112,-,103,-
"안산시","건설업 (F) ",32,-,29,-
"안산시","도소매·숙박음식업(G,I)",64,-,72,-
"안산시","전기·운수·통신·금융(D,H,J,K)",39,-,40,-
"안산시","사업·개인·공공서비스 및 기타(E,L~U)",122,-,128,-
"고양시","계",549,-,559,-
"고양시","농업, 임업 및 어업 (A)",6,*,5,*
"고양시","광·제조업(B,C)",63,-,57,-
"고양시","건설업 (F) ",32,-,32,-
"고양시","도소매·숙박음식업(G,I)",126,-,121,-
"고양시","전기·운수·통신·금융(D,H,J,K)",96,-,106,-
"고양시","사업·개인·공공서비스 및 기타(E,L~U)",227,-,239,-
"과천시","계",39,-,40,-
"과천시","농업, 임업 및 어업 (A)",1,*,1,*
"과천시","광·제조업(B,C)",4,-,4,-
"과천시","건설업 (F) ",1,-,1,-
"과천시","도소매·숙박음식업(G,I)",6,-,6,-
"과천시","전기·운수·통신·금융(D,H,J,K)",7,-,7,-
"과천시","사업·개인·공공서비스 및 기타(E,L~U)",20,-,21,-
"구리시","계",101,-,102,-
"구리시","농업, 임업 및 어업 (A)",1,*,0,*
"구리시","광·제조업(B,C)",8,-,8,-
"구리시","건설업 (F) ",8,-,8,-
"구리시","도소매·숙박음식업(G,I)",23,-,22,-
"구리시","전기·운수·통신·금융(D,H,J,K)",16,-,15,-
"구리시","사업·개인·공공서비스 및 기타(E,L~U)",47,-,48,-
"남양주시","계",375,-,372,-
"남양주시","농업, 임업 및 어업 (A)",7,*,6,*
"남양주시","광·제조업(B,C)",45,-,46,-
"남양주시","건설업 (F) ",31,-,31,-
"남양주시","도소매·숙박음식업(G,I)",99,-,91,-
"남양주시","전기·운수·통신·금융(D,H,J,K)",52,-,57,-
"남양주시","사업·개인·공공서비스 및 기타(E,L~U)",141,-,142,-
"오산시","계",138,-,138,-
"오산시","농업, 임업 및 어업 (A)",0,*,0,*
"오산시","광·제조업(B,C)",38,-,38,-
"오산시","건설업 (F) ",13,-,12,-
"오산시","도소매·숙박음식업(G,I)",22,-,23,-
"오산시","전기·운수·통신·금융(D,H,J,K)",17,-,17,-
"오산시","사업·개인·공공서비스 및 기타(E,L~U)",49,-,49,-
"시흥시","계",310,-,306,-
"시흥시","농업, 임업 및 어업 (A)",1,*,1,*
"시흥시","광·제조업(B,C)",92,-,93,-
"시흥시","건설업 (F) ",30,-,30,-
"시흥시","도소매·숙박음식업(G,I)",59,-,56,-
"시흥시","전기·운수·통신·금융(D,H,J,K)",27,-,28,-
"시흥시","사업·개인·공공서비스 및 기타(E,L~U)",100,-,99,-
"군포시","계",140,-,141,-
"군포시","농업, 임업 및 어업 (A)",1,*,1,*
"군포시","광·제조업(B,C)",26,-,27,-
"군포시","건설업 (F) ",6,-,7,-
"군포시","도소매·숙박음식업(G,I)",28,-,27,-
"군포시","전기·운수·통신·금융(D,H,J,K)",21,-,23,-
"군포시","사업·개인·공공서비스 및 기타(E,L~U)",58,-,58,-
"의왕시","계",81,-,83,-
"의왕시","농업, 임업 및 어업 (A)",0,*,0,*
"의왕시","광·제조업(B,C)",11,-,12,-
"의왕시","건설업 (F) ",4,-,4,-
"의왕시","도소매·숙박음식업(G,I)",16,-,17,-
"의왕시","전기·운수·통신·금융(D,H,J,K)",12,-,12,-
"의왕시","사업·개인·공공서비스 및 기타(E,L~U)",37,-,38,-
"하남시","계",174,-,176,-
"하남시","농업, 임업 및 어업 (A)",1,*,0,*
"하남시","광·제조업(B,C)",14,-,14,-
"하남시","건설업 (F) ",14,-,13,-
"하남시","도소매·숙박음식업(G,I)",44,-,44,-
"하남시","전기·운수·통신·금융(D,H,J,K)",26,-,24,-
"하남시","사업·개인·공공서비스 및 기타(E,L~U)",76,-,80,-
"용인시","계",553,-,558,-
"용인시","농업, 임업 및 어업 (A)",9,*,9,*
"용인시","광·제조업(B,C)",85,-,83,-
"용인시","건설업 (F) ",41,-,37,-
"용인시","도소매·숙박음식업(G,I)",100,-,102,-
"용인시","전기·운수·통신·금융(D,H,J,K)",85,-,86,-
"용인시","사업·개인·공공서비스 및 기타(E,L~U)",233,-,241,-
"파주시","계",267,-,269,-
"파주시","농업, 임업 및 어업 (A)",8,*,8,*
"파주시","광·제조업(B,C)",59,-,51,-
"파주시","건설업 (F) ",17,-,20,-
"파주시","도소매·숙박음식업(G,I)",48,-,55,-
"파주시","전기·운수·통신·금융(D,H,J,K)",34,-,34,-
"파주시","사업·개인·공공서비스 및 기타(E,L~U)",101,-,101,-
"이천시","계",134,-,130,-
"이천시","농업, 임업 및 어업 (A)",11,-,10,-
"이천시","광·제조업(B,C)",27,-,27,-
"이천시","건설업 (F) ",10,-,9,-
"이천시","도소매·숙박음식업(G,I)",20,-,20,-
"이천시","전기·운수·통신·금융(D,H,J,K)",18,-,18,-
"이천시","사업·개인·공공서비스 및 기타(E,L~U)",48,-,46,-
"안성시","계",122,-,123,-
"안성시","농업, 임업 및 어업 (A)",8,*,8,*
"안성시","광·제조업(B,C)",34,-,37,-
"안성시","건설업 (F) ",6,-,5,-
"안성시","도소매·숙박음식업(G,I)",18,-,17,-
"안성시","전기·운수·통신·금융(D,H,J,K)",11,-,13,-
"안성시","사업·개인·공공서비스 및 기타(E,L~U)",45,-,44,-
"김포시","계",264,-,266,-
"김포시","농업, 임업 및 어업 (A)",3,*,3,*
"김포시","광·제조업(B,C)",53,-,51,-
"김포시","건설업 (F) ",16,-,17,-
"김포시","도소매·숙박음식업(G,I)",53,-,56,-
"김포시","전기·운수·통신·금융(D,H,J,K)",43,-,41,-
"김포시","사업·개인·공공서비스 및 기타(E,L~U)",97,-,99,-
"화성시","계",547,-,578,-
"화성시","농업, 임업 및 어업 (A)",11,*,13,*
"화성시","광·제조업(B,C)",167,-,171,-
"화성시","건설업 (F) ",43,-,50,-
"화성시","도소매·숙박음식업(G,I)",87,-,81,-
"화성시","전기·운수·통신·금융(D,H,J,K)",49,-,53,-
"화성시","사업·개인·공공서비스 및 기타(E,L~U)",190,-,211,-
"광주시","계",222,-,225,-
"광주시","농업, 임업 및 어업 (A)",1,*,1,*
"광주시","광·제조업(B,C)",45,-,48,-
"광주시","건설업 (F) ",20,-,20,-
"광주시","도소매·숙박음식업(G,I)",42,-,44,-
"광주시","전기·운수·통신·금융(D,H,J,K)",40,-,38,-
"광주시","사업·개인·공공서비스 및 기타(E,L~U)",74,-,74,-
"양주시","계",144,-,149,-
"양주시","농업, 임업 및 어업 (A)",4,*,3,*
"양주시","광·제조업(B,C)",27,-,27,-
"양주시","건설업 (F) ",14,-,13,-
"양주시","도소매·숙박음식업(G,I)",30,-,31,-
"양주시","전기·운수·통신·금융(D,H,J,K)",16,-,19,-
"양주시","사업·개인·공공서비스 및 기타(E,L~U)",54,-,56,-
"포천시","계",87,-,86,-
"포천시","농업, 임업 및 어업 (A)",7,-,6,*
"포천시","광·제조업(B,C)",22,-,23,-
"포천시","건설업 (F) ",7,-,8,-
"포천시","도소매·숙박음식업(G,I)",19,-,18,-
"포천시","전기·운수·통신·금융(D,H,J,K)",7,-,6,-
"포천시","사업·개인·공공서비스 및 기타(E,L~U)",26,-,26,-
"여주시","계",65,-,67,-
"여주시","농업, 임업 및 어업 (A)",10,-,10,-
"여주시","광·제조업(B,C)",8,-,9,-
"여주시","건설업 (F) ",6,-,5,-
"여주시","도소매·숙박음식업(G,I)",12,-,12,-
"여주시","전기·운수·통신·금융(D,H,J,K)",8,-,8,-
"여주시","사업·개인·공공서비스 및 기타(E,L~U)",22,-,24,-
"연천군","계",20,-,20,-
"연천군","농업, 임업 및 어업 (A)",5,-,5,-
"연천군","광·제조업(B,C)",2,-,2,-
"연천군","건설업 (F) ",2,-,2,-
"연천군","도소매·숙박음식업(G,I)",4,-,4,-
"연천군","전기·운수·통신·금융(D,H,J,K)",1,-,1,-
"연천군","사업·개인·공공서비스 및 기타(E,L~U)",7,-,7,-
"가평군","계",33,-,33,-
"가평군","농업, 임업 및 어업 (A)",5,-,5,-
"가평군","광·제조업(B,C)",1,-,1,-
"가평군","건설업 (F) ",3,-,3,-
"가평군","도소매·숙박음식업(G,I)",11,-,11,-
"가평군","전기·운수·통신·금융(D,H,J,K)",2,-,2,-
"가평군","사업·개인·공공서비스 및 기타(E,L~U)",12,-,12,-
"양평군","계",63,-,65,-
"양평군","농업, 임업 및 어업 (A)",10,-,11,-
"양평군","광·제조업(B,C)",3,-,3,-
"양평군","건설업 (F) ",7,-,6,-
"양평군","도소매·숙박음식업(G,I)",15,-,15,-
"양평군","전기·운수·통신·금융(D,H,J,K)",5,-,5,-
"양평군","사업·개인·공공서비스 및 기타(E,L~U)",24,-,25,-
"춘천시","계",159,-,162,-
"춘천시","농업, 임업 및 어업 (A)",10,*,12,*
"춘천시","광·제조업(B,C)",8,-,9,-
"춘천시","건설업 (F) ",15,-,16,-
"춘천시","도소매·숙박음식업(G,I)",28,-,28,-
"춘천시","전기·운수·통신·금융(D,H,J,K)",15,-,14,-
"춘천시","사업·개인·공공서비스 및 기타(E,L~U)",83,-,83,-
"원주시","계",193,-,193,-
"원주시","농업, 임업 및 어업 (A)",11,*,11,*
"원주시","광·제조업(B,C)",26,-,24,-
"원주시","건설업 (F) ",18,-,18,-
"원주시","도소매·숙박음식업(G,I)",34,-,35,-
"원주시","전기·운수·통신·금융(D,H,J,K)",17,-,19,-
"원주시","사업·개인·공공서비스 및 기타(E,L~U)",87,-,87,-
"강릉시","계",117,-,116,-
"강릉시","농업, 임업 및 어업 (A)",8,-,8,-
"강릉시","광·제조업(B,C)",7,-,6,-
"강릉시","건설업 (F) ",10,-,10,-
"강릉시","도소매·숙박음식업(G,I)",30,-,30,-
"강릉시","전기·운수·통신·금융(D,H,J,K)",11,-,11,-
"강릉시","사업·개인·공공서비스 및 기타(E,L~U)",51,-,52,-
"동해시","계",47,-,46,-
"동해시","농업, 임업 및 어업 (A)",2,*,2,*
"동해시","광·제조업(B,C)",4,-,4,-
"동해시","건설업 (F) ",4,-,4,-
"동해시","도소매·숙박음식업(G,I)",9,-,9,-
"동해시","전기·운수·통신·금융(D,H,J,K)",3,-,3,-
"동해시","사업·개인·공공서비스 및 기타(E,L~U)",24,-,23,-
"태백시","계",23,-,22,-
"태백시","농업, 임업 및 어업 (A)",1,*,1,*
"태백시","광·제조업(B,C)",2,-,2,-
"태백시","건설업 (F) ",2,-,2,-
"태백시","도소매·숙박음식업(G,I)",4,-,4,-
"태백시","전기·운수·통신·금융(D,H,J,K)",2,-,2,-
"태백시","사업·개인·공공서비스 및 기타(E,L~U)",13,-,13,-
"속초시","계",42,-,43,-
"속초시","농업, 임업 및 어업 (A)",2,*,2,-
"속초시","광·제조업(B,C)",2,-,2,-
"속초시","건설업 (F) ",3,-,3,-
"속초시","도소매·숙박음식업(G,I)",13,-,12,-
"속초시","전기·운수·통신·금융(D,H,J,K)",3,-,4,-
"속초시","사업·개인·공공서비스 및 기타(E,L~U)",19,-,20,-
"삼척시","계",36,-,36,-
"삼척시","농업, 임업 및 어업 (A)",3,*,3,-
"삼척시","광·제조업(B,C)",4,-,4,-
"삼척시","건설업 (F) ",3,-,3,-
"삼척시","도소매·숙박음식업(G,I)",6,-,6,-
"삼척시","전기·운수·통신·금융(D,H,J,K)",2,-,2,-
"삼척시","사업·개인·공공서비스 및 기타(E,L~U)",18,-,17,-
"홍천군","계",41,-,42,-
"홍천군","농업, 임업 및 어업 (A)",12,-,12,-
"홍천군","광·제조업(B,C)",3,-,3,-
"홍천군","건설업 (F) ",3,-,3,-
"홍천군","도소매·숙박음식업(G,I)",8,-,8,-
"홍천군","전기·운수·통신·금융(D,H,J,K)",2,-,2,-
"홍천군","사업·개인·공공서비스 및 기타(E,L~U)",13,-,15,-
"횡성군","계",28,-,28,-
"횡성군","농업, 임업 및 어업 (A)",8,-,8,-
"횡성군","광·제조업(B,C)",2,-,2,-
"횡성군","건설업 (F) ",2,-,2,-
"횡성군","도소매·숙박음식업(G,I)",5,-,5,-
"횡성군","전기·운수·통신·금융(D,H,J,K)",2,-,1,-
"횡성군","사업·개인·공공서비스 및 기타(E,L~U)",9,-,10,-
"영월군","계",22,-,22,-
"영월군","농업, 임업 및 어업 (A)",5,-,6,-
"영월군","광·제조업(B,C)",1,-,1,-
"영월군","건설업 (F) ",1,-,1,-
"영월군","도소매·숙박음식업(G,I)",3,-,4,-
"영월군","전기·운수·통신·금융(D,H,J,K)",1,*,1,*
"영월군","사업·개인·공공서비스 및 기타(E,L~U)",10,-,10,-
"평창군","계",27,-,27,-
"평창군","농업, 임업 및 어업 (A)",9,-,9,-
"평창군","광·제조업(B,C)",1,-,1,-
"평창군","건설업 (F) ",2,-,2,-
"평창군","도소매·숙박음식업(G,I)",5,-,5,-
"평창군","전기·운수·통신·금융(D,H,J,K)",1,-,1,-
"평창군","사업·개인·공공서비스 및 기타(E,L~U)",9,-,9,-
"정선군","계",21,-,22,-
"정선군","농업, 임업 및 어업 (A)",5,-,5,-
"정선군","광·제조업(B,C)",1,-,1,-
"정선군","건설업 (F) ",2,-,2,-
"정선군","도소매·숙박음식업(G,I)",4,-,4,-
"정선군","전기·운수·통신·금융(D,H,J,K)",1,*,1,-
"정선군","사업·개인·공공서비스 및 기타(E,L~U)",10,-,10,-
"철원군","계",21,-,21,-
"철원군","농업, 임업 및 어업 (A)",6,-,6,-
"철원군","광·제조업(B,C)",1,-,1,-
"철원군","건설업 (F) ",2,-,2,-
"철원군","도소매·숙박음식업(G,I)",4,-,3,-
"철원군","전기·운수·통신·금융(D,H,J,K)",1,-,1,-
"철원군","사업·개인·공공서비스 및 기타(E,L~U)",8,-,8,-
"화천군","계",12,-,12,-
"화천군","농업, 임업 및 어업 (A)",3,-,3,-
"화천군","광·제조업(B,C)",0,*,0,*
"화천군","건설업 (F) ",1,-,1,-
"화천군","도소매·숙박음식업(G,I)",2,-,2,-
"화천군","전기·운수·통신·금융(D,H,J,K)",1,-,1,-
"화천군","사업·개인·공공서비스 및 기타(E,L~U)",6,-,6,-
"양구군","계",11,-,11,-
"양구군","농업, 임업 및 어업 (A)",3,-,3,-
"양구군","광·제조업(B,C)",0,*,0,*
"양구군","건설업 (F) ",1,-,1,-
"양구군","도소매·숙박음식업(G,I)",2,-,2,-
"양구군","전기·운수·통신·금융(D,H,J,K)",1,-,1,-
"양구군","사업·개인·공공서비스 및 기타(E,L~U)",5,-,5,-
"인제군","계",17,-,17,-
"인제군","농업, 임업 및 어업 (A)",4,-,4,-
"인제군","광·제조업(B,C)",1,-,1,-
"인제군","건설업 (F) ",1,-,1,-
"인제군","도소매·숙박음식업(G,I)",3,-,3,-
"인제군","전기·운수·통신·금융(D,H,J,K)",1,-,1,-
"인제군","사업·개인·공공서비스 및 기타(E,L~U)",7,-,8,-
"고성군","계",18,-,18,-
"고성군","농업, 임업 및 어업 (A)",4,-,5,-
"고성군","광·제조업(B,C)",1,*,1,*
"고성군","건설업 (F) ",1,-,1,-
"고성군","도소매·숙박음식업(G,I)",4,-,4,-
"고성군","전기·운수·통신·금융(D,H,J,K)",0,*,0,*
"고성군","사업·개인·공공서비스 및 기타(E,L~U)",7,-,7,-
"양양군","계",17,-,16,-
"양양군","농업, 임업 및 어업 (A)",4,-,4,-
"양양군","광·제조업(B,C)",1,-,1,-
"양양군","건설업 (F) ",1,-,1,-
"양양군","도소매·숙박음식업(G,I)",4,-,3,-
"양양군","전기·운수·통신·금융(D,H,J,K)",1,-,1,-
"양양군","사업·개인·공공서비스 및 기타(E,L~U)",7,-,6,-
"청주시","계",491,-,488,-
"청주시","농업, 임업 및 어업 (A)",16,*,16,*
"청주시","광·제조업(B,C)",126,-,118,-
"청주시","건설업 (F) ",42,-,42,-
"청주시","도소매·숙박음식업(G,I)",79,-,80,-
"청주시","전기·운수·통신·금융(D,H,J,K)",42,-,43,-
"청주시","사업·개인·공공서비스 및 기타(E,L~U)",187,-,190,-
"충주시","계",124,-,120,-
"충주시","농업, 임업 및 어업 (A)",15,-,16,-
"충주시","광·제조업(B,C)",25,-,24,-
"충주시","건설업 (F) ",9,-,9,-
"충주시","도소매·숙박음식업(G,I)",26,-,25,-
"충주시","전기·운수·통신·금융(D,H,J,K)",8,-,7,-
"충주시","사업·개인·공공서비스 및 기타(E,L~U)",40,-,40,-
"제천시","계",78,-,75,-
"제천시","농업, 임업 및 어업 (A)",12,-,12,-
"제천시","광·제조업(B,C)",12,-,12,-
"제천시","건설업 (F) ",5,-,5,-
"제천시","도소매·숙박음식업(G,I)",13,-,12,-
"제천시","전기·운수·통신·금융(D,H,J,K)",7,-,7,-
"제천시","사업·개인·공공서비스 및 기타(E,L~U)",28,-,28,-
"보은군","계",19,-,19,-
"보은군","농업, 임업 및 어업 (A)",8,-,8,-
"보은군","광·제조업(B,C)",2,-,2,-
"보은군","건설업 (F) ",1,-,1,-
"보은군","도소매·숙박음식업(G,I)",2,-,2,-
"보은군","전기·운수·통신·금융(D,H,J,K)",1,-,1,-
"보은군","사업·개인·공공서비스 및 기타(E,L~U)",5,-,5,-
"옥천군","계",30,-,29,-
"옥천군","농업, 임업 및 어업 (A)",8,-,7,-
"옥천군","광·제조업(B,C)",4,-,4,-
"옥천군","건설업 (F) ",2,-,2,-
"옥천군","도소매·숙박음식업(G,I)",3,-,3,-
"옥천군","전기·운수·통신·금융(D,H,J,K)",2,-,2,-
"옥천군","사업·개인·공공서비스 및 기타(E,L~U)",11,-,10,-
"영동군","계",28,-,28,-
"영동군","농업, 임업 및 어업 (A)",12,-,11,-
"영동군","광·제조업(B,C)",3,-,3,-
"영동군","건설업 (F) ",1,-,1,-
"영동군","도소매·숙박음식업(G,I)",3,-,3,-
"영동군","전기·운수·통신·금융(D,H,J,K)",2,-,2,-
"영동군","사업·개인·공공서비스 및 기타(E,L~U)",8,-,7,-
"증평군","계",21,-,21,-
"증평군","농업, 임업 및 어업 (A)",2,*,2,*
"증평군","광·제조업(B,C)",5,-,5,-
"증평군","건설업 (F) ",2,-,2,-
"증평군","도소매·숙박음식업(G,I)",3,-,3,-
"증평군","전기·운수·통신·금융(D,H,J,K)",1,-,1,-
"증평군","사업·개인·공공서비스 및 기타(E,L~U)",8,-,9,-
"진천군","계",60,-,60,-
"진천군","농업, 임업 및 어업 (A)",6,-,5,-
"진천군","광·제조업(B,C)",22,-,21,-
"진천군","건설업 (F) ",3,-,3,-
"진천군","도소매·숙박음식업(G,I)",7,-,7,-
"진천군","전기·운수·통신·금융(D,H,J,K)",5,-,5,-
"진천군","사업·개인·공공서비스 및 기타(E,L~U)",19,-,19,-
"괴산군","계",23,-,23,-
"괴산군","농업, 임업 및 어업 (A)",11,-,10,-
"괴산군","광·제조업(B,C)",2,-,2,-
"괴산군","건설업 (F) ",1,-,1,-
"괴산군","도소매·숙박음식업(G,I)",3,-,3,-
"괴산군","전기·운수·통신·금융(D,H,J,K)",1,*,1,-
"괴산군","사업·개인·공공서비스 및 기타(E,L~U)",6,-,6,-
"음성군","계",68,-,68,-
"음성군","농업, 임업 및 어업 (A)",13,-,13,-
"음성군","광·제조업(B,C)",21,-,22,-
"음성군","건설업 (F) ",4,-,4,-
"음성군","도소매·숙박음식업(G,I)",8,-,7,-
"음성군","전기·운수·통신·금융(D,H,J,K)",4,-,4,-
"음성군","사업·개인·공공서비스 및 기타(E,L~U)",18,-,19,-
"단양군","계",16,-,16,-
"단양군","농업, 임업 및 어업 (A)",5,-,5,-
"단양군","광·제조업(B,C)",1,-,1,-
"단양군","건설업 (F) ",1,-,1,-
"단양군","도소매·숙박음식업(G,I)",3,-,3,-
"단양군","전기·운수·통신·금융(D,H,J,K)",1,-,1,-
"단양군","사업·개인·공공서비스 및 기타(E,L~U)",6,-,6,-
"천안시","계",381,-,383,-
"천안시","농업, 임업 및 어업 (A)",15,*,15,*
"천안시","광·제조업(B,C)",111,-,114,-
"천안시","건설업 (F) ",26,-,20,-
"천안시","도소매·숙박음식업(G,I)",58,-,62,-
"천안시","전기·운수·통신·금융(D,H,J,K)",34,-,35,-
"천안시","사업·개인·공공서비스 및 기타(E,L~U)",138,-,137,-
"공주시","계",60,-,60,-
"공주시","농업, 임업 및 어업 (A)",14,-,14,-
"공주시","광·제조업(B,C)",7,-,8,-
"공주시","건설업 (F) ",4,-,3,-
"공주시","도소매·숙박음식업(G,I)",9,-,9,-
"공주시","전기·운수·통신·금융(D,H,J,K)",3,-,3,-
"공주시","사업·개인·공공서비스 및 기타(E,L~U)",22,-,22,-
"보령시","계",55,-,57,-
"보령시","농업, 임업 및 어업 (A)",11,-,12,-
"보령시","광·제조업(B,C)",6,-,6,-
"보령시","건설업 (F) ",5,-,5,-
"보령시","도소매·숙박음식업(G,I)",9,-,9,-
"보령시","전기·운수·통신·금융(D,H,J,K)",4,-,4,-
"보령시","사업·개인·공공서비스 및 기타(E,L~U)",21,-,22,-
"아산시","계",217,-,221,-
"아산시","농업, 임업 및 어업 (A)",12,-,12,-
"아산시","광·제조업(B,C)",77,-,74,-
"아산시","건설업 (F) ",15,-,16,-
"아산시","도소매·숙박음식업(G,I)",26,-,27,-
"아산시","전기·운수·통신·금융(D,H,J,K)",17,-,18,-
"아산시","사업·개인·공공서비스 및 기타(E,L~U)",69,-,75,-
"서산시","계",105,-,104,-
"서산시","농업, 임업 및 어업 (A)",19,-,17,-
"서산시","광·제조업(B,C)",23,-,21,-
"서산시","건설업 (F) ",10,-,11,-
"서산시","도소매·숙박음식업(G,I)",14,-,15,-
"서산시","전기·운수·통신·금융(D,H,J,K)",6,-,6,-
"서산시","사업·개인·공공서비스 및 기타(E,L~U)",33,-,34,-
"논산시","계",67,-,66,-
"논산시","농업, 임업 및 어업 (A)",18,-,17,-
"논산시","광·제조업(B,C)",8,-,9,-
"논산시","건설업 (F) ",5,-,4,-
"논산시","도소매·숙박음식업(G,I)",11,-,11,-
"논산시","전기·운수·통신·금융(D,H,J,K)",4,-,4,-
"논산시","사업·개인·공공서비스 및 기타(E,L~U)",20,-,22,-
"계룡시","계",20,-,20,-
"계룡시","농업, 임업 및 어업 (A)",1,*,1,*
"계룡시","광·제조업(B,C)",2,-,2,-
"계룡시","건설업 (F) ",1,-,1,-
"계룡시","도소매·숙박음식업(G,I)",4,-,4,-
"계룡시","전기·운수·통신·금융(D,H,J,K)",2,-,2,-
"계룡시","사업·개인·공공서비스 및 기타(E,L~U)",11,-,11,-
"당진시","계",107,-,109,-
"당진시","농업, 임업 및 어업 (A)",19,-,21,-
"당진시","광·제조업(B,C)",29,-,27,-
"당진시","건설업 (F) ",9,-,9,-
"당진시","도소매·숙박음식업(G,I)",12,-,12,-
"당진시","전기·운수·통신·금융(D,H,J,K)",9,-,9,-
"당진시","사업·개인·공공서비스 및 기타(E,L~U)",30,-,30,-
"금산군","계",31,-,31,-
"금산군","농업, 임업 및 어업 (A)",11,-,10,-
"금산군","광·제조업(B,C)",4,-,4,-
"금산군","건설업 (F) ",1,-,1,-
"금산군","도소매·숙박음식업(G,I)",5,-,5,-
"금산군","전기·운수·통신·금융(D,H,J,K)",2,-,2,-
"금산군","사업·개인·공공서비스 및 기타(E,L~U)",9,-,9,-
"부여군","계",35,-,38,-
"부여군","농업, 임업 및 어업 (A)",14,-,16,-
"부여군","광·제조업(B,C)",2,-,2,-
"부여군","건설업 (F) ",2,-,2,-
"부여군","도소매·숙박음식업(G,I)",5,-,4,-
"부여군","전기·운수·통신·금융(D,H,J,K)",2,-,2,-
"부여군","사업·개인·공공서비스 및 기타(E,L~U)",11,-,12,-
"서천군","계",30,-,30,-
"서천군","농업, 임업 및 어업 (A)",10,-,10,-
"서천군","광·제조업(B,C)",3,-,3,-
"서천군","건설업 (F) ",1,-,1,-
"서천군","도소매·숙박음식업(G,I)",3,-,4,-
"서천군","전기·운수·통신·금융(D,H,J,K)",2,-,2,-
"서천군","사업·개인·공공서비스 및 기타(E,L~U)",10,-,10,-
"청양군","계",20,-,20,-
"청양군","농업, 임업 및 어업 (A)",9,-,9,-
"청양군","광·제조업(B,C)",1,-,1,-
"청양군","건설업 (F) ",1,-,1,-
"청양군","도소매·숙박음식업(G,I)",2,-,2,-
"청양군","전기·운수·통신·금융(D,H,J,K)",1,-,1,-
"청양군","사업·개인·공공서비스 및 기타(E,L~U)",6,-,6,-
"홍성군","계",60,-,62,-
"홍성군","농업, 임업 및 어업 (A)",14,-,14,-
"홍성군","광·제조업(B,C)",7,-,7,-
"홍성군","건설업 (F) ",4,-,4,-
"홍성군","도소매·숙박음식업(G,I)",10,-,10,-
"홍성군","전기·운수·통신·금융(D,H,J,K)",4,-,4,-
"홍성군","사업·개인·공공서비스 및 기타(E,L~U)",22,-,24,-
"예산군","계",51,-,52,-
"예산군","농업, 임업 및 어업 (A)",17,-,17,-
"예산군","광·제조업(B,C)",8,-,8,-
"예산군","건설업 (F) ",3,-,3,-
"예산군","도소매·숙박음식업(G,I)",8,-,8,-
"예산군","전기·운수·통신·금융(D,H,J,K)",2,-,2,-
"예산군","사업·개인·공공서비스 및 기타(E,L~U)",14,-,14,-
"태안군","계",40,-,39,-
"태안군","농업, 임업 및 어업 (A)",13,-,13,-
"태안군","광·제조업(B,C)",1,-,1,-
"태안군","건설업 (F) ",2,-,2,-
"태안군","도소매·숙박음식업(G,I)",8,-,8,-
"태안군","전기·운수·통신·금융(D,H,J,K)",3,*,3,*
"태안군","사업·개인·공공서비스 및 기타(E,L~U)",13,-,13,-
"전주시","계",349,-,345,-
"전주시","농업, 임업 및 어업 (A)",18,-,16,*
"전주시","광·제조업(B,C)",39,-,34,-
"전주시","건설업 (F) ",28,-,26,-
"전주시","도소매·숙박음식업(G,I)",62,-,60,-
"전주시","전기·운수·통신·금융(D,H,J,K)",31,-,34,-
"전주시","사업·개인·공공서비스 및 기타(E,L~U)",171,-,175,-
"군산시","계",135,-,137,-
"군산시","농업, 임업 및 어업 (A)",7,-,6,*
"군산시","광·제조업(B,C)",24,-,25,-
"군산시","건설업 (F) ",10,-,10,-
"군산시","도소매·숙박음식업(G,I)",25,-,26,-
"군산시","전기·운수·통신·금융(D,H,J,K)",15,-,14,-
"군산시","사업·개인·공공서비스 및 기타(E,L~U)",54,-,57,-
"익산시","계",148,-,148,-
"익산시","농업, 임업 및 어업 (A)",14,-,14,-
"익산시","광·제조업(B,C)",27,-,28,-
"익산시","건설업 (F) ",9,-,8,-
"익산시","도소매·숙박음식업(G,I)",20,-,21,-
"익산시","전기·운수·통신·금융(D,H,J,K)",14,-,15,-
"익산시","사업·개인·공공서비스 및 기타(E,L~U)",64,-,61,-
"정읍시","계",60,-,60,-
"정읍시","농업, 임업 및 어업 (A)",16,-,16,-
"정읍시","광·제조업(B,C)",6,-,6,-
"정읍시","건설업 (F) ",4,-,4,-
"정읍시","도소매·숙박음식업(G,I)",8,-,7,-
"정읍시","전기·운수·통신·금융(D,H,J,K)",4,-,4,-
"정읍시","사업·개인·공공서비스 및 기타(E,L~U)",21,-,23,-
"남원시","계",45,-,45,-
"남원시","농업, 임업 및 어업 (A)",13,-,12,-
"남원시","광·제조업(B,C)",3,-,3,-
"남원시","건설업 (F) ",3,-,3,-
"남원시","도소매·숙박음식업(G,I)",6,-,6,-
"남원시","전기·운수·통신·금융(D,H,J,K)",2,-,2,-
"남원시","사업·개인·공공서비스 및 기타(E,L~U)",17,-,18,-
"김제시","계",49,-,49,-
"김제시","농업, 임업 및 어업 (A)",17,-,17,-
"김제시","광·제조업(B,C)",5,-,6,-
"김제시","건설업 (F) ",3,-,2,-
"김제시","도소매·숙박음식업(G,I)",4,-,4,-
"김제시","전기·운수·통신·금융(D,H,J,K)",3,-,4,-
"김제시","사업·개인·공공서비스 및 기타(E,L~U)",17,-,16,-
"완주군","계",58,-,60,-
"완주군","농업, 임업 및 어업 (A)",15,-,15,-
"완주군","광·제조업(B,C)",11,-,11,-
"완주군","건설업 (F) ",4,-,5,-
"완주군","도소매·숙박음식업(G,I)",7,-,7,-
"완주군","전기·운수·통신·금융(D,H,J,K)",3,-,4,-
"완주군","사업·개인·공공서비스 및 기타(E,L~U)",18,-,19,-
"진안군","계",15,-,15,-
"진안군","농업, 임업 및 어업 (A)",7,-,7,-
"진안군","광·제조업(B,C)",1,-,1,-
"진안군","건설업 (F) ",1,-,1,-
"진안군","도소매·숙박음식업(G,I)",1,-,1,-
"진안군","전기·운수·통신·금융(D,H,J,K)",1,-,1,-
"진안군","사업·개인·공공서비스 및 기타(E,L~U)",5,-,5,-
"무주군","계",15,-,16,-
"무주군","농업, 임업 및 어업 (A)",6,-,7,-
"무주군","광·제조업(B,C)",0,-,1,-
"무주군","건설업 (F) ",1,-,1,-
"무주군","도소매·숙박음식업(G,I)",2,-,2,-
"무주군","전기·운수·통신·금융(D,H,J,K)",0,-,1,-
"무주군","사업·개인·공공서비스 및 기타(E,L~U)",6,-,6,-
"장수군","계",14,-,14,-
"장수군","농업, 임업 및 어업 (A)",5,-,5,-
"장수군","광·제조업(B,C)",1,-,1,-
"장수군","건설업 (F) ",1,-,1,-
"장수군","도소매·숙박음식업(G,I)",1,-,1,-
"장수군","전기·운수·통신·금융(D,H,J,K)",0,*,0,*
"장수군","사업·개인·공공서비스 및 기타(E,L~U)",6,-,6,-
"임실군","계",15,-,15,-
"임실군","농업, 임업 및 어업 (A)",6,-,6,-
"임실군","광·제조업(B,C)",1,-,1,-
"임실군","건설업 (F) ",1,-,1,-
"임실군","도소매·숙박음식업(G,I)",1,-,1,-
"임실군","전기·운수·통신·금융(D,H,J,K)",1,-,1,-
"임실군","사업·개인·공공서비스 및 기타(E,L~U)",5,-,5,-
"순창군","계",16,-,16,-
"순창군","농업, 임업 및 어업 (A)",8,-,8,-
"순창군","광·제조업(B,C)",1,-,1,-
"순창군","건설업 (F) ",1,*,1,*
"순창군","도소매·숙박음식업(G,I)",1,-,1,-
"순창군","전기·운수·통신·금융(D,H,J,K)",1,-,1,-
"순창군","사업·개인·공공서비스 및 기타(E,L~U)",5,-,5,-
"고창군","계",32,-,32,-
"고창군","농업, 임업 및 어업 (A)",16,-,16,-
"고창군","광·제조업(B,C)",2,-,2,-
"고창군","건설업 (F) ",2,-,2,-
"고창군","도소매·숙박음식업(G,I)",3,-,3,-
"고창군","전기·운수·통신·금융(D,H,J,K)",2,*,2,*
"고창군","사업·개인·공공서비스 및 기타(E,L~U)",8,-,9,-
"부안군","계",30,-,30,-
"부안군","농업, 임업 및 어업 (A)",13,-,12,-
"부안군","광·제조업(B,C)",2,-,2,-
"부안군","건설업 (F) ",1,-,1,-
"부안군","도소매·숙박음식업(G,I)",4,-,4,-
"부안군","전기·운수·통신·금융(D,H,J,K)",1,-,1,-
"부안군","사업·개인·공공서비스 및 기타(E,L~U)",9,-,9,-
"목포시","계",114,-,112,-
"목포시","농업, 임업 및 어업 (A)",4,-,4,-
"목포시","광·제조업(B,C)",17,-,16,-
"목포시","건설업 (F) ",8,-,7,-
"목포시","도소매·숙박음식업(G,I)",26,-,24,-
"목포시","전기·운수·통신·금융(D,H,J,K)",11,-,11,-
"목포시","사업·개인·공공서비스 및 기타(E,L~U)",49,-,49,-
"여수시","계",145,-,146,-
"여수시","농업, 임업 및 어업 (A)",12,*,11,*
"여수시","광·제조업(B,C)",20,-,20,-
"여수시","건설업 (F) ",19,-,19,-
"여수시","도소매·숙박음식업(G,I)",31,-,31,-
"여수시","전기·운수·통신·금융(D,H,J,K)",10,-,11,-
"여수시","사업·개인·공공서비스 및 기타(E,L~U)",53,-,55,-
"순천시","계",146,-,143,-
"순천시","농업, 임업 및 어업 (A)",15,-,13,-
"순천시","광·제조업(B,C)",18,-,17,-
"순천시","건설업 (F) ",15,-,15,-
"순천시","도소매·숙박음식업(G,I)",26,-,27,-
"순천시","전기·운수·통신·금융(D,H,J,K)",17,-,15,-
"순천시","사업·개인·공공서비스 및 기타(E,L~U)",56,-,55,-
"나주시","계",67,-,68,-
"나주시","농업, 임업 및 어업 (A)",16,-,16,-
"나주시","광·제조업(B,C)",5,-,5,-
"나주시","건설업 (F) ",5,-,5,-
"나주시","도소매·숙박음식업(G,I)",9,-,9,-
"나주시","전기·운수·통신·금융(D,H,J,K)",6,-,7,-
"나주시","사업·개인·공공서비스 및 기타(E,L~U)",25,-,26,-
"광양시","계",86,-,86,-
"광양시","농업, 임업 및 어업 (A)",7,*,7,*
"광양시","광·제조업(B,C)",20,-,19,-
"광양시","건설업 (F) ",10,-,10,-
"광양시","도소매·숙박음식업(G,I)",12,-,12,-
"광양시","전기·운수·통신·금융(D,H,J,K)",8,-,8,-
"광양시","사업·개인·공공서비스 및 기타(E,L~U)",29,-,29,-
"담양군","계",26,-,25,-
"담양군","농업, 임업 및 어업 (A)",10,-,9,-
"담양군","광·제조업(B,C)",3,-,2,-
"담양군","건설업 (F) ",1,-,1,-
"담양군","도소매·숙박음식업(G,I)",4,-,4,-
"담양군","전기·운수·통신·금융(D,H,J,K)",1,-,1,*
"담양군","사업·개인·공공서비스 및 기타(E,L~U)",8,-,8,-
"곡성군","계",17,-,17,-
"곡성군","농업, 임업 및 어업 (A)",8,-,7,-
"곡성군","광·제조업(B,C)",1,-,2,*
"곡성군","건설업 (F) ",1,-,1,-
"곡성군","도소매·숙박음식업(G,I)",1,-,1,-
"곡성군","전기·운수·통신·금융(D,H,J,K)",1,-,1,*
"곡성군","사업·개인·공공서비스 및 기타(E,L~U)",5,-,5,-
"구례군","계",14,-,14,-
"구례군","농업, 임업 및 어업 (A)",6,-,6,-
"구례군","광·제조업(B,C)",1,-,1,-
"구례군","건설업 (F) ",1,-,1,-
"구례군","도소매·숙박음식업(G,I)",2,-,2,-
"구례군","전기·운수·통신·금융(D,H,J,K)",1,-,1,-
"구례군","사업·개인·공공서비스 및 기타(E,L~U)",4,-,4,-
"고흥군","계",38,-,38,-
"고흥군","농업, 임업 및 어업 (A)",20,-,20,-
"고흥군","광·제조업(B,C)",1,*,1,*
"고흥군","건설업 (F) ",3,-,2,-
"고흥군","도소매·숙박음식업(G,I)",4,-,3,-
"고흥군","전기·운수·통신·금융(D,H,J,K)",1,*,2,*
"고흥군","사업·개인·공공서비스 및 기타(E,L~U)",9,-,10,-
"보성군","계",23,-,23,-
"보성군","농업, 임업 및 어업 (A)",11,-,11,-
"보성군","광·제조업(B,C)",1,*,1,-
"보성군","건설업 (F) ",1,-,1,-
"보성군","도소매·숙박음식업(G,I)",2,-,2,-
"보성군","전기·운수·통신·금융(D,H,J,K)",1,-,1,-
"보성군","사업·개인·공공서비스 및 기타(E,L~U)",7,-,7,-
"화순군","계",34,-,34,-
"화순군","농업, 임업 및 어업 (A)",6,-,6,-
"화순군","광·제조업(B,C)",2,-,2,-
"화순군","건설업 (F) ",3,-,3,-
"화순군","도소매·숙박음식업(G,I)",4,-,5,-
"화순군","전기·운수·통신·금융(D,H,J,K)",2,-,2,-
"화순군","사업·개인·공공서비스 및 기타(E,L~U)",16,-,16,-
"장흥군","계",21,-,21,-
"장흥군","농업, 임업 및 어업 (A)",7,-,8,-
"장흥군","광·제조업(B,C)",1,-,1,-
"장흥군","건설업 (F) ",1,-,1,-
"장흥군","도소매·숙박음식업(G,I)",3,-,3,-
"장흥군","전기·운수·통신·금융(D,H,J,K)",1,*,1,-
"장흥군","사업·개인·공공서비스 및 기타(E,L~U)",7,-,7,-
"강진군","계",18,-,18,-
"강진군","농업, 임업 및 어업 (A)",7,-,8,-
"강진군","광·제조업(B,C)",1,-,1,-
"강진군","건설업 (F) ",1,-,1,-
"강진군","도소매·숙박음식업(G,I)",2,-,2,-
"강진군","전기·운수·통신·금융(D,H,J,K)",1,-,1,-
"강진군","사업·개인·공공서비스 및 기타(E,L~U)",6,-,6,-
"해남군","계",39,-,39,-
"해남군","농업, 임업 및 어업 (A)",18,-,18,-
"해남군","광·제조업(B,C)",2,-,2,-
"해남군","건설업 (F) ",2,-,1,*
"해남군","도소매·숙박음식업(G,I)",4,-,5,-
"해남군","전기·운수·통신·금융(D,H,J,K)",2,*,2,-
"해남군","사업·개인·공공서비스 및 기타(E,L~U)",11,-,10,-
"영암군","계",38,-,39,-
"영암군","농업, 임업 및 어업 (A)",10,-,11,-
"영암군","광·제조업(B,C)",12,-,12,-
"영암군","건설업 (F) ",2,-,2,-
"영암군","도소매·숙박음식업(G,I)",3,-,4,-
"영암군","전기·운수·통신·금융(D,H,J,K)",2,-,2,-
"영암군","사업·개인·공공서비스 및 기타(E,L~U)",9,-,9,-
"무안군","계",51,-,53,-
"무안군","농업, 임업 및 어업 (A)",13,-,14,-
"무안군","광·제조업(B,C)",5,-,6,-
"무안군","건설업 (F) ",2,-,3,-
"무안군","도소매·숙박음식업(G,I)",7,-,7,-
"무안군","전기·운수·통신·금융(D,H,J,K)",3,-,3,-
"무안군","사업·개인·공공서비스 및 기타(E,L~U)",20,-,21,-
"함평군","계",18,-,18,-
"함평군","농업, 임업 및 어업 (A)",8,-,8,-
"함평군","광·제조업(B,C)",1,-,2,-
"함평군","건설업 (F) ",1,-,1,-
"함평군","도소매·숙박음식업(G,I)",2,*,3,*
"함평군","전기·운수·통신·금융(D,H,J,K)",1,-,1,-
"함평군","사업·개인·공공서비스 및 기타(E,L~U)",5,-,5,-
"영광군","계",28,-,27,-
"영광군","농업, 임업 및 어업 (A)",10,-,9,-
"영광군","광·제조업(B,C)",2,-,2,*
"영광군","건설업 (F) ",2,-,1,-
"영광군","도소매·숙박음식업(G,I)",4,-,4,-
"영광군","전기·운수·통신·금융(D,H,J,K)",1,-,1,-
"영광군","사업·개인·공공서비스 및 기타(E,L~U)",10,-,10,-
"장성군","계",23,-,22,-
"장성군","농업, 임업 및 어업 (A)",8,-,8,-
"장성군","광·제조업(B,C)",2,-,3,-
"장성군","건설업 (F) ",1,-,1,-
"장성군","도소매·숙박음식업(G,I)",2,-,2,-
"장성군","전기·운수·통신·금융(D,H,J,K)",2,-,2,-
"장성군","사업·개인·공공서비스 및 기타(E,L~U)",7,-,7,-
"완도군","계",29,-,29,-
"완도군","농업, 임업 및 어업 (A)",13,-,12,-
"완도군","광·제조업(B,C)",1,-,1,-
"완도군","건설업 (F) ",1,-,1,-
"완도군","도소매·숙박음식업(G,I)",4,-,4,-
"완도군","전기·운수·통신·금융(D,H,J,K)",2,-,2,-
"완도군","사업·개인·공공서비스 및 기타(E,L~U)",9,-,9,-
"진도군","계",19,-,19,-
"진도군","농업, 임업 및 어업 (A)",9,-,8,-
"진도군","광·제조업(B,C)",0,*,1,*
"진도군","건설업 (F) ",1,*,0,*
"진도군","도소매·숙박음식업(G,I)",2,-,2,-
"진도군","전기·운수·통신·금융(D,H,J,K)",1,*,1,*
"진도군","사업·개인·공공서비스 및 기타(E,L~U)",7,-,7,-
"신안군","계",23,-,23,-
"신안군","농업, 임업 및 어업 (A)",14,-,14,-
"신안군","광·제조업(B,C)",1,*,1,*
"신안군","건설업 (F) ",1,*,1,*
"신안군","도소매·숙박음식업(G,I)",1,-,2,-
"신안군","전기·운수·통신·금융(D,H,J,K)",1,-,1,-
"신안군","사업·개인·공공서비스 및 기타(E,L~U)",5,-,5,-
"포항시","계",257,-,254,-
"포항시","농업, 임업 및 어업 (A)",9,*,8,*
"포항시","광·제조업(B,C)",52,-,50,-
"포항시","건설업 (F) ",22,-,23,-
"포항시","도소매·숙박음식업(G,I)",49,-,46,-
"포항시","전기·운수·통신·금융(D,H,J,K)",23,-,24,-
"포항시","사업·개인·공공서비스 및 기타(E,L~U)",103,-,104,-
"경주시","계",141,-,140,-
"경주시","농업, 임업 및 어업 (A)",15,-,16,-
"경주시","광·제조업(B,C)",33,-,33,-
"경주시","건설업 (F) ",8,-,7,-
"경주시","도소매·숙박음식업(G,I)",23,-,22,-
"경주시","전기·운수·통신·금융(D,H,J,K)",12,-,11,-
"경주시","사업·개인·공공서비스 및 기타(E,L~U)",51,-,51,-
"김천시","계",79,-,78,-
"김천시","농업, 임업 및 어업 (A)",19,-,18,-
"김천시","광·제조업(B,C)",12,-,11,-
"김천시","건설업 (F) ",3,-,3,-
"김천시","도소매·숙박음식업(G,I)",10,-,10,-
"김천시","전기·운수·통신·금융(D,H,J,K)",6,-,6,-
"김천시","사업·개인·공공서비스 및 기타(E,L~U)",29,-,30,-
"안동시","계",87,-,85,-
"안동시","농업, 임업 및 어업 (A)",19,-,19,-
"안동시","광·제조업(B,C)",3,*,3,-
"안동시","건설업 (F) ",7,-,7,-
"안동시","도소매·숙박음식업(G,I)",14,-,13,-
"안동시","전기·운수·통신·금융(D,H,J,K)",7,-,6,-
"안동시","사업·개인·공공서비스 및 기타(E,L~U)",37,-,37,-
"구미시","계",215,-,216,-
"구미시","농업, 임업 및 어업 (A)",10,*,11,*
"구미시","광·제조업(B,C)",71,-,73,-
"구미시","건설업 (F) ",13,-,13,-
"구미시","도소매·숙박음식업(G,I)",33,-,28,-
"구미시","전기·운수·통신·금융(D,H,J,K)",20,-,20,-
"구미시","사업·개인·공공서비스 및 기타(E,L~U)",68,-,72,-
"영주시","계",56,-,56,-
"영주시","농업, 임업 및 어업 (A)",13,-,13,-
"영주시","광·제조업(B,C)",6,-,6,-
"영주시","건설업 (F) ",4,-,4,-
"영주시","도소매·숙박음식업(G,I)",9,-,9,-
"영주시","전기·운수·통신·금융(D,H,J,K)",4,-,4,-
"영주시","사업·개인·공공서비스 및 기타(E,L~U)",20,-,20,-
"영천시","계",61,-,59,-
"영천시","농업, 임업 및 어업 (A)",20,-,20,-
"영천시","광·제조업(B,C)",11,-,10,-
"영천시","건설업 (F) ",3,-,3,-
"영천시","도소매·숙박음식업(G,I)",9,-,8,-
"영천시","전기·운수·통신·금융(D,H,J,K)",4,-,4,-
"영천시","사업·개인·공공서비스 및 기타(E,L~U)",14,-,14,-
"상주시","계",56,-,57,-
"상주시","농업, 임업 및 어업 (A)",22,-,23,-
"상주시","광·제조업(B,C)",5,-,4,-
"상주시","건설업 (F) ",4,-,3,-
"상주시","도소매·숙박음식업(G,I)",7,-,7,-
"상주시","전기·운수·통신·금융(D,H,J,K)",3,-,3,-
"상주시","사업·개인·공공서비스 및 기타(E,L~U)",17,-,18,-
"문경시","계",38,-,39,-
"문경시","농업, 임업 및 어업 (A)",12,-,12,-
"문경시","광·제조업(B,C)",4,-,4,-
"문경시","건설업 (F) ",2,-,2,-
"문경시","도소매·숙박음식업(G,I)",6,-,5,-
"문경시","전기·운수·통신·금융(D,H,J,K)",2,-,2,-
"문경시","사업·개인·공공서비스 및 기타(E,L~U)",13,-,14,-
"경산시","계",153,-,157,-
"경산시","농업, 임업 및 어업 (A)",14,*,14,*
"경산시","광·제조업(B,C)",31,-,30,-
"경산시","건설업 (F) ",13,-,11,-
"경산시","도소매·숙박음식업(G,I)",31,-,32,-
"경산시","전기·운수·통신·금융(D,H,J,K)",12,-,15,-
"경산시","사업·개인·공공서비스 및 기타(E,L~U)",54,-,55,-
"의성군","계",32,-,33,-
"의성군","농업, 임업 및 어업 (A)",19,-,19,-
"의성군","광·제조업(B,C)",1,*,1,*
"의성군","건설업 (F) ",1,-,1,-
"의성군","도소매·숙박음식업(G,I)",2,*,2,*
"의성군","전기·운수·통신·금융(D,H,J,K)",1,*,1,*
"의성군","사업·개인·공공서비스 및 기타(E,L~U)",8,-,8,-
"청송군","계",17,-,17,-
"청송군","농업, 임업 및 어업 (A)",9,-,9,-
"청송군","광·제조업(B,C)",0,*,0,*
"청송군","건설업 (F) ",1,-,1,*
"청송군","도소매·숙박음식업(G,I)",2,-,2,-
"청송군","전기·운수·통신·금융(D,H,J,K)",1,*,1,*
"청송군","사업·개인·공공서비스 및 기타(E,L~U)",5,-,5,-
"영양군","계",11,-,11,-
"영양군","농업, 임업 및 어업 (A)",5,-,5,-
"영양군","광·제조업(B,C)",0,-,0,-
"영양군","건설업 (F) ",1,-,1,-
"영양군","도소매·숙박음식업(G,I)",1,-,1,-
"영양군","전기·운수·통신·금융(D,H,J,K)",0,*,0,-
"영양군","사업·개인·공공서비스 및 기타(E,L~U)",3,-,4,-
"영덕군","계",20,-,19,-
"영덕군","농업, 임업 및 어업 (A)",7,-,6,-
"영덕군","광·제조업(B,C)",1,-,1,-
"영덕군","건설업 (F) ",1,-,1,-
"영덕군","도소매·숙박음식업(G,I)",4,-,4,-
"영덕군","전기·운수·통신·금융(D,H,J,K)",1,-,1,*
"영덕군","사업·개인·공공서비스 및 기타(E,L~U)",6,-,6,-
"청도군","계",28,-,27,-
"청도군","농업, 임업 및 어업 (A)",15,-,15,-
"청도군","광·제조업(B,C)",2,-,2,-
"청도군","건설업 (F) ",1,-,1,-
"청도군","도소매·숙박음식업(G,I)",3,-,3,-
"청도군","전기·운수·통신·금융(D,H,J,K)",1,*,1,*
"청도군","사업·개인·공공서비스 및 기타(E,L~U)",6,-,6,-
"고령군","계",19,-,18,-
"고령군","농업, 임업 및 어업 (A)",6,-,5,-
"고령군","광·제조업(B,C)",4,-,4,*
"고령군","건설업 (F) ",1,-,1,-
"고령군","도소매·숙박음식업(G,I)",2,-,2,-
"고령군","전기·운수·통신·금융(D,H,J,K)",1,*,1,*
"고령군","사업·개인·공공서비스 및 기타(E,L~U)",5,-,5,-
"성주군","계",26,-,26,-
"성주군","농업, 임업 및 어업 (A)",12,-,11,-
"성주군","광·제조업(B,C)",3,-,3,-
"성주군","건설업 (F) ",1,-,1,-
"성주군","도소매·숙박음식업(G,I)",3,-,3,-
"성주군","전기·운수·통신·금융(D,H,J,K)",1,-,1,-
"성주군","사업·개인·공공서비스 및 기타(E,L~U)",6,-,6,-
"칠곡군","계",63,-,62,-
"칠곡군","농업, 임업 및 어업 (A)",9,-,7,-
"칠곡군","광·제조업(B,C)",20,-,20,-
"칠곡군","건설업 (F) ",4,-,4,-
"칠곡군","도소매·숙박음식업(G,I)",9,-,9,-
"칠곡군","전기·운수·통신·금융(D,H,J,K)",5,-,6,-
"칠곡군","사업·개인·공공서비스 및 기타(E,L~U)",17,-,17,-
"예천군","계",31,-,31,-
"예천군","농업, 임업 및 어업 (A)",11,-,12,-
"예천군","광·제조업(B,C)",2,-,2,-
"예천군","건설업 (F) ",1,-,1,-
"예천군","도소매·숙박음식업(G,I)",3,-,3,-
"예천군","전기·운수·통신·금융(D,H,J,K)",2,-,2,-
"예천군","사업·개인·공공서비스 및 기타(E,L~U)",12,-,12,-
"봉화군","계",19,-,19,-
"봉화군","농업, 임업 및 어업 (A)",10,-,9,-
"봉화군","광·제조업(B,C)",2,*,2,*
"봉화군","건설업 (F) ",1,-,1,-
"봉화군","도소매·숙박음식업(G,I)",2,*,2,*
"봉화군","전기·운수·통신·금융(D,H,J,K)",1,*,1,*
"봉화군","사업·개인·공공서비스 및 기타(E,L~U)",5,-,4,-
"울진군","계",26,-,26,-
"울진군","농업, 임업 및 어업 (A)",5,-,5,-
"울진군","광·제조업(B,C)",1,*,1,*
"울진군","건설업 (F) ",2,-,2,-
"울진군","도소매·숙박음식업(G,I)",5,-,4,-
"울진군","전기·운수·통신·금융(D,H,J,K)",4,*,4,*
"울진군","사업·개인·공공서비스 및 기타(E,L~U)",10,-,10,-
"울릉군","계",6,-,6,-
"울릉군","농업, 임업 및 어업 (A)",1,-,1,-
"울릉군","광·제조업(B,C)",0,*,0,*
"울릉군","건설업 (F) ",0,-,1,-
"울릉군","도소매·숙박음식업(G,I)",1,-,1,-
"울릉군","전기·운수·통신·금융(D,H,J,K)",1,-,1,-
"울릉군","사업·개인·공공서비스 및 기타(E,L~U)",3,-,3,-
"창원시","계",523,-,516,-
"창원시","농업, 임업 및 어업 (A)",23,*,25,*
"창원시","광·제조업(B,C)",151,-,142,-
"창원시","건설업 (F) ",28,-,26,-
"창원시","도소매·숙박음식업(G,I)",82,-,84,-
"창원시","전기·운수·통신·금융(D,H,J,K)",55,-,51,-
"창원시","사업·개인·공공서비스 및 기타(E,L~U)",183,-,189,-
"진주시","계",190,-,189,-
"진주시","농업, 임업 및 어업 (A)",28,-,27,-
"진주시","광·제조업(B,C)",25,-,25,-
"진주시","건설업 (F) ",12,-,11,-
"진주시","도소매·숙박음식업(G,I)",32,-,30,-
"진주시","전기·운수·통신·금융(D,H,J,K)",17,-,18,-
"진주시","사업·개인·공공서비스 및 기타(E,L~U)",78,-,78,-
"통영시","계",64,-,63,-
"통영시","농업, 임업 및 어업 (A)",8,-,9,-
"통영시","광·제조업(B,C)",11,-,10,-
"통영시","건설업 (F) ",4,-,3,-
"통영시","도소매·숙박음식업(G,I)",14,-,13,-
"통영시","전기·운수·통신·금융(D,H,J,K)",5,-,5,-
"통영시","사업·개인·공공서비스 및 기타(E,L~U)",23,-,23,-
"사천시","계",61,-,61,-
"사천시","농업, 임업 및 어업 (A)",10,-,10,-
"사천시","광·제조업(B,C)",15,-,15,-
"사천시","건설업 (F) ",4,-,4,-
"사천시","도소매·숙박음식업(G,I)",8,-,8,-
"사천시","전기·운수·통신·금융(D,H,J,K)",5,-,4,-
"사천시","사업·개인·공공서비스 및 기타(E,L~U)",20,-,20,-
"김해시","계",286,-,290,-
"김해시","농업, 임업 및 어업 (A)",8,*,8,*
"김해시","광·제조업(B,C)",87,-,93,-
"김해시","건설업 (F) ",16,-,15,-
"김해시","도소매·숙박음식업(G,I)",50,-,50,-
"김해시","전기·운수·통신·금융(D,H,J,K)",29,-,28,-
"김해시","사업·개인·공공서비스 및 기타(E,L~U)",96,-,96,-
"밀양시","계",58,-,57,-
"밀양시","농업, 임업 및 어업 (A)",18,-,17,-
"밀양시","광·제조업(B,C)",8,-,8,-
"밀양시","건설업 (F) ",3,-,3,-
"밀양시","도소매·숙박음식업(G,I)",6,-,7,-
"밀양시","전기·운수·통신·금융(D,H,J,K)",4,-,3,-
"밀양시","사업·개인·공공서비스 및 기타(E,L~U)",19,-,19,-
"거제시","계",131,-,134,-
"거제시","농업, 임업 및 어업 (A)",6,*,5,*
"거제시","광·제조업(B,C)",47,-,50,-
"거제시","건설업 (F) ",5,-,5,-
"거제시","도소매·숙박음식업(G,I)",20,-,18,-
"거제시","전기·운수·통신·금융(D,H,J,K)",8,-,8,-
"거제시","사업·개인·공공서비스 및 기타(E,L~U)",46,-,48,-
"양산시","계",185,-,185,-
"양산시","농업, 임업 및 어업 (A)",2,*,1,*
"양산시","광·제조업(B,C)",48,-,51,-
"양산시","건설업 (F) ",11,-,12,-
"양산시","도소매·숙박음식업(G,I)",29,-,29,-
"양산시","전기·운수·통신·금융(D,H,J,K)",24,-,24,-
"양산시","사업·개인·공공서비스 및 기타(E,L~U)",70,-,67,-
"의령군","계",16,-,16,-
"의령군","농업, 임업 및 어업 (A)",7,-,7,-
"의령군","광·제조업(B,C)",1,-,2,-
"의령군","건설업 (F) ",1,-,1,-
"의령군","도소매·숙박음식업(G,I)",1,-,1,*
"의령군","전기·운수·통신·금융(D,H,J,K)",1,*,1,*
"의령군","사업·개인·공공서비스 및 기타(E,L~U)",5,-,5,-
"함안군","계",36,-,35,-
"함안군","농업, 임업 및 어업 (A)",8,-,7,-
"함안군","광·제조업(B,C)",10,-,10,-
"함안군","건설업 (F) ",2,-,2,-
"함안군","도소매·숙박음식업(G,I)",4,-,4,-
"함안군","전기·운수·통신·금융(D,H,J,K)",2,-,2,-
"함안군","사업·개인·공공서비스 및 기타(E,L~U)",10,-,10,-
"창녕군","계",35,-,34,-
"창녕군","농업, 임업 및 어업 (A)",12,-,11,-
"창녕군","광·제조업(B,C)",5,-,6,-
"창녕군","건설업 (F) ",2,-,2,-
"창녕군","도소매·숙박음식업(G,I)",5,-,4,-
"창녕군","전기·운수·통신·금융(D,H,J,K)",2,-,2,-
"창녕군","사업·개인·공공서비스 및 기타(E,L~U)",10,-,11,-
"고성군","계",30,-,30,-
"고성군","농업, 임업 및 어업 (A)",11,-,11,-
"고성군","광·제조업(B,C)",4,-,4,-
"고성군","건설업 (F) ",2,-,2,-
"고성군","도소매·숙박음식업(G,I)",4,-,3,-
"고성군","전기·운수·통신·금융(D,H,J,K)",2,-,2,-
"고성군","사업·개인·공공서비스 및 기타(E,L~U)",8,-,8,-
"남해군","계",26,-,25,-
"남해군","농업, 임업 및 어업 (A)",12,-,11,-
"남해군","광·제조업(B,C)",1,*,1,*
"남해군","건설업 (F) ",1,-,1,-
"남해군","도소매·숙박음식업(G,I)",4,-,4,-
"남해군","전기·운수·통신·금융(D,H,J,K)",1,*,1,*
"남해군","사업·개인·공공서비스 및 기타(E,L~U)",7,-,7,-
"하동군","계",26,-,26,-
"하동군","농업, 임업 및 어업 (A)",14,-,14,-
"하동군","광·제조업(B,C)",1,-,1,-
"하동군","건설업 (F) ",1,-,1,-
"하동군","도소매·숙박음식업(G,I)",3,-,3,-
"하동군","전기·운수·통신·금융(D,H,J,K)",1,-,2,-
"하동군","사업·개인·공공서비스 및 기타(E,L~U)",5,-,5,-
"산청군","계",22,-,23,-
"산청군","농업, 임업 및 어업 (A)",11,-,11,-
"산청군","광·제조업(B,C)",1,-,1,-
"산청군","건설업 (F) ",1,*,1,*
"산청군","도소매·숙박음식업(G,I)",3,-,3,-
"산청군","전기·운수·통신·금융(D,H,J,K)",1,-,1,-
"산청군","사업·개인·공공서비스 및 기타(E,L~U)",6,-,6,-
"함양군","계",23,-,22,-
"함양군","농업, 임업 및 어업 (A)",10,-,10,-
"함양군","광·제조업(B,C)",1,-,1,-
"함양군","건설업 (F) ",1,-,1,*
"함양군","도소매·숙박음식업(G,I)",2,-,2,-
"함양군","전기·운수·통신·금융(D,H,J,K)",1,*,1,*
"함양군","사업·개인·공공서비스 및 기타(E,L~U)",7,-,7,-
"거창군","계",35,-,34,-
"거창군","농업, 임업 및 어업 (A)",12,-,11,-
"거창군","광·제조업(B,C)",3,-,3,-
"거창군","건설업 (F) ",2,-,2,-
"거창군","도소매·숙박음식업(G,I)",5,-,5,-
"거창군","전기·운수·통신·금융(D,H,J,K)",2,-,2,-
"거창군","사업·개인·공공서비스 및 기타(E,L~U)",12,-,12,-
"합천군","계",25,-,25,-
"합천군","농업, 임업 및 어업 (A)",11,-,12,-
"합천군","광·제조업(B,C)",2,-,2,-
"합천군","건설업 (F) ",2,-,2,-
"합천군","도소매·숙박음식업(G,I)",2,-,2,-
"합천군","전기·운수·통신·금융(D,H,J,K)",1,*,1,-
"합천군","사업·개인·공공서비스 및 기타(E,L~U)",7,-,7,-
"제주시","계",290,-,288,-
"제주시","농업, 임업 및 어업 (A)",29,-,27,-
"제주시","광·제조업(B,C)",10,-,10,-
"제주시","건설업 (F) ",27,-,26,-
"제주시","도소매·숙박음식업(G,I)",74,-,72,-
"제주시","전기·운수·통신·금융(D,H,J,K)",30,-,31,-
"제주시","사업·개인·공공서비스 및 기타(E,L~U)",121,-,122,-
"서귀포시","계",111,-,110,-
"서귀포시","농업, 임업 및 어업 (A)",30,-,28,-
"서귀포시","광·제조업(B,C)",3,-,3,-
"서귀포시","건설업 (F) ",8,-,8,-
"서귀포시","도소매·숙박음식업(G,I)",26,-,25,-
"서귀포시","전기·운수·통신·금융(D,H,J,K)",6,-,7,-
"서귀포시","사업·개인·공공서비스 및 기타(E,L~U)",38,-,40,-
